quote,01:00:00.546,EURUSD,AGG,1.12845,1.12852
quote,01:00:00.546,AUDUSD,RFX,0.7625,0.7627
quote,01:00:00.713,USDJPY,AGG,100.399,100.403
quote,01:00:00.713,USDJPY,CITI,100.397,100.403
quote,01:00:00.789,AUDUSD,RFX,0.7625,0.7627
quote,01:00:00.790,AUDUSD,AGG,0.76257,0.76262
quote,01:00:00.961,USDJPY,AGG,100.4,100.404
quote,01:00:00.961,USDJPY,CITI,100.398,100.404
quote,01:00:00.962,USDCAD,AGG,1.29143,1.29151
quote,01:00:01.011,AUDUSD,CITI,0.76251,0.76267
quote,01:00:01.107,EURJPY,AGG,113.195,113.203
quote,01:00:01.109,EURJPY,CITI,113.195,113.204
quote,01:00:01.208,USDJPY,AGG,100.4,100.405
quote,01:00:01.208,USDJPY,CITI,100.399,100.405
quote,01:00:01.371,EURJPY,AGG,113.198,113.206
quote,01:00:01.371,EURJPY,CITI,113.197,113.206
quote,01:00:01.407,NZDUSD,AGG,0.7333,0.7334
quote,01:00:01.468,USDJPY,AGG,100.401,100.407
quote,01:00:01.468,USDJPY,CITI,100.401,100.407
quote,01:00:01.516,AUDUSD,RFX,0.7625,0.7627
quote,01:00:01.516,AUDUSD,AGG,0.76255,0.76261
quote,01:00:01.607,EURJPY,AGG,113.196,113.202
quote,01:00:01.607,EURJPY,CITI,113.196,113.205
quote,01:00:01.706,USDJPY,AGG,100.4,100.406
quote,01:00:01.706,USDJPY,CITI,100.4,100.406
quote,01:00:01.763,AUDUSD,RFX,0.7625,0.7627
quote,01:00:01.763,AUDUSD,AGG,0.76257,0.76262
quote,01:00:01.763,AUDUSD,CITI,0.76252,0.76268
quote,01:00:01.861,EURJPY,AGG,113.196,113.202
quote,01:00:01.861,EURJPY,CITI,113.195,113.204
quote,01:00:01.965,USDJPY,AGG,100.4,100.405
quote,01:00:01.965,USDJPY,CITI,100.399,100.405
quote,01:00:02.047,AUDUSD,CITI,0.7625,0.76266
quote,01:00:02.107,EURJPY,AGG,113.195,113.201
quote,01:00:02.107,EURJPY,CITI,113.194,113.203
quote,01:00:02.171,NZDUSD,RFX,0.7333,0.7334
quote,01:00:02.171,NZDUSD,AGG,0.73331,0.7334
quote,01:00:02.171,NZDUSD,CITI,0.73327,0.73344
quote,01:00:02.205,USDJPY,AGG,100.4,100.404
quote,01:00:02.206,USDJPY,CITI,100.398,100.404
quote,01:00:02.270,AUDUSD,RFX,0.7626,0.7627
quote,01:00:02.270,AUDUSD,CITI,0.76254,0.7627
quote,01:00:02.270,AUDUSD,AGG,0.7626,0.76264
quote,01:00:02.362,EURJPY,AGG,113.197,113.206
quote,01:00:02.363,EURJPY,CITI,113.197,113.206
quote,01:00:02.421,NZDUSD,RFX,0.7333,0.7334
quote,01:00:02.421,NZDUSD,AGG,0.73332,0.7334
quote,01:00:02.421,NZDUSD,CITI,0.73328,0.73345
quote,01:00:02.520,AUDUSD,RFX,0.7626,0.7627
quote,01:00:02.520,AUDUSD,AGG,0.7626,0.76264
quote,01:00:02.605,EURJPY,AGG,113.198,113.207
quote,01:00:02.605,EURJPY,CITI,113.198,113.207
quote,01:00:02.662,NZDUSD,RFX,0.7333,0.7334
quote,01:00:02.662,NZDUSD,CITI,0.73327,0.73344
quote,01:00:02.757,AUDUSD,CITI,0.76255,0.76271
quote,01:00:03.175,EURJPY,AGG,113.196,113.203
quote,01:00:03.176,EURJPY,CITI,113.195,113.204
quote,01:00:03.179,NZDUSD,RFX,0.7333,0.7334
quote,01:00:03.179,NZDUSD,AGG,0.73331,0.7334
quote,01:00:03.207,USDJPY,AGG,100.397,100.401
quote,01:00:03.207,USDJPY,CITI,100.395,100.401
quote,01:00:03.258,AUDUSD,AGG,0.7626,0.76264
quote,01:00:03.405,NZDUSD,RFX,0.7333,0.7334
quote,01:00:03.405,NZDUSD,CITI,0.73326,0.73343
quote,01:00:03.422,EURJPY,AGG,113.194,113.203
quote,01:00:03.422,EURJPY,CITI,113.194,113.203
quote,01:00:03.460,USDJPY,AGG,100.394,100.4
quote,01:00:03.460,USDJPY,CITI,100.394,100.4
quote,01:00:03.660,NZDUSD,CITI,0.73327,0.73344
quote,01:00:03.668,EURJPY,AGG,113.194,113.202
quote,01:00:03.668,EURJPY,CITI,113.193,113.202
quote,01:00:03.723,USDJPY,AGG,100.395,100.4
quote,01:00:03.723,USDJPY,CITI,100.394,100.401
quote,01:00:03.782,AUDUSD,AGG,0.7626,0.76264
quote,01:00:03.913,EURJPY,AGG,113.209,113.21
quote,01:00:03.914,EURJPY,CITI,113.196,113.205
quote,01:00:03.956,USDJPY,CITI,100.41,100.416
quote,01:00:03.956,USDJPY,AGG,100.411,100.413
quote,01:00:04.006,AUDUSD,AGG,0.7626,0.76264
quote,01:00:04.171,EURJPY,AGG,113.214,113.218
quote,01:00:04.171,EURJPY,CITI,113.213,113.224
quote,01:00:04.221,USDJPY,AGG,100.416,100.42
quote,01:00:04.222,USDJPY,CITI,100.414,100.422
quote,01:00:04.413,EURJPY,AGG,113.215,113.223
quote,01:00:04.413,EURJPY,CITI,113.211,113.225
quote,01:00:04.461,USDJPY,AGG,100.416,100.422
quote,01:00:04.561,AUDUSD,AGG,0.7626,0.76264
quote,01:00:04.656,EURJPY,AGG,113.219,113.225
quote,01:00:04.656,EURJPY,CITI,113.214,113.228
quote,01:00:04.710,USDJPY,AGG,100.419,100.425
quote,01:00:04.710,USDJPY,CITI,100.418,100.425
quote,01:00:04.907,EURJPY,AGG,113.219,113.226
quote,01:00:04.907,EURJPY,CITI,113.215,113.23
quote,01:00:05.162,EURJPY,AGG,113.219,113.227
quote,01:00:05.162,EURJPY,CITI,113.215,113.229
quote,01:00:05.205,USDJPY,AGG,100.42,100.426
quote,01:00:05.205,USDJPY,CITI,100.418,100.426
quote,01:00:05.460,USDJPY,AGG,100.419,100.426
quote,01:00:05.656,EURJPY,AGG,113.218,113.227
quote,01:00:05.961,USDJPY,AGG,100.418,100.426
quote,01:00:06.193,EURJPY,CITI,113.216,113.23
quote,01:00:06.206,USDJPY,AGG,100.417,100.423
quote,01:00:06.206,USDJPY,CITI,100.417,100.424
quote,01:00:06.404,EURJPY,AGG,113.214,113.223
quote,01:00:06.404,EURJPY,CITI,113.212,113.226
quote,01:00:06.460,USDJPY,AGG,100.415,100.421
quote,01:00:06.460,USDJPY,CITI,100.414,100.421
quote,01:00:06.698,EURJPY,CITI,113.211,113.225
quote,01:00:06.716,USDJPY,AGG,100.415,100.421
quote,01:00:06.910,EURJPY,CITI,113.211,113.224
quote,01:00:07.157,AUDUSD,RFX,0.7626,0.7627
quote,01:00:07.405,AUDUSD,AGG,0.7626,0.76264
quote,01:00:07.406,AUDUSD,CITI,0.76254,0.7627
quote,01:00:07.905,AUDUSD,RFX,0.7626,0.7627
quote,01:00:07.905,AUDUSD,AGG,0.7626,0.76264
quote,01:00:08.160,USDJPY,AGG,100.415,100.42
quote,01:00:08.160,USDJPY,CITI,100.414,100.42
quote,01:00:08.160,AUDUSD,AGG,0.7626,0.76264
quote,01:00:08.321,EURJPY,AGG,113.213,113.222
quote,01:00:08.410,AUDUSD,RFX,0.7626,0.7627
quote,01:00:08.410,AUDUSD,CITI,0.76255,0.76271
quote,01:00:08.410,AUDUSD,AGG,0.7626,0.76264
quote,01:00:08.669,AUDUSD,CITI,0.76254,0.7627
quote,01:00:09.266,AUDUSD,AGG,0.7626,0.76264
quote,01:00:09.266,USDJPY,AGG,100.415,100.421
quote,01:00:09.266,USDJPY,CITI,100.414,100.421
quote,01:00:09.512,AUDUSD,AGG,0.76261,0.76265
quote,01:00:09.512,AUDUSD,CITI,0.76256,0.76272
quote,01:00:09.618,EURJPY,AGG,113.214,113.223
quote,01:00:09.759,AUDUSD,RFX,0.7625,0.7627
quote,01:00:09.759,AUDUSD,AGG,0.76256,0.76261
quote,01:00:09.759,AUDUSD,CITI,0.76251,0.76267
quote,01:00:09.805,EURJPY,AGG,113.214,113.223
quote,01:00:09.894,NZDUSD,AGG,0.73331,0.7334
quote,01:00:09.966,USDJPY,AGG,100.415,100.42
quote,01:00:10.006,AUDUSD,AGG,0.76257,0.76262
quote,01:00:10.006,AUDUSD,CITI,0.76252,0.76268
quote,01:00:10.148,NZDUSD,AGG,0.73331,0.7334
quote,01:00:10.268,AUDUSD,RFX,0.7625,0.7627
quote,01:00:10.268,AUDUSD,AGG,0.76256,0.76262
quote,01:00:10.326,EURJPY,AGG,113.213,113.222
quote,01:00:10.506,AUDUSD,AGG,0.76257,0.76263
quote,01:00:10.506,AUDUSD,CITI,0.76253,0.76269
quote,01:00:10.762,AUDUSD,RFX,0.7625,0.7627
quote,01:00:10.762,AUDUSD,AGG,0.76258,0.76263
quote,01:00:11.005,AUDUSD,CITI,0.76253,0.7627
quote,01:00:11.113,USDJPY,AGG,100.415,100.42
quote,01:00:11.113,USDJPY,CITI,100.413,100.42
quote,01:00:11.267,AUDUSD,AGG,0.76257,0.76264
quote,01:00:11.267,AUDUSD,CITI,0.76254,0.7627
quote,01:00:11.343,EURJPY,AGG,113.212,113.221
quote,01:00:11.521,AUDUSD,AGG,0.76257,0.76264
quote,01:00:11.521,AUDUSD,CITI,0.76253,0.76269
quote,01:00:11.603,EURJPY,AGG,113.206,113.212
quote,01:00:11.603,EURJPY,CITI,113.205,113.219
quote,01:00:11.631,USDJPY,CITI,100.405,100.412
quote,01:00:11.632,USDJPY,AGG,100.408,100.41
quote,01:00:11.758,AUDUSD,RFX,0.7626,0.7627
quote,01:00:11.758,AUDUSD,AGG,0.76261,0.76264
quote,01:00:11.758,AUDUSD,CITI,0.76256,0.76272
quote,01:00:11.819,EURJPY,AGG,113.207,113.208
quote,01:00:11.819,EURJPY,CITI,113.203,113.217
quote,01:00:11.864,USDJPY,AGG,100.407,100.408
quote,01:00:11.864,USDJPY,CITI,100.407,100.414
quote,01:00:12.007,AUDUSD,AGG,0.76261,0.76266
quote,01:00:12.007,AUDUSD,CITI,0.76257,0.76273
quote,01:00:12.061,EURJPY,AGG,113.208,113.215
quote,01:00:12.062,EURJPY,CITI,113.204,113.217
quote,01:00:12.107,USDJPY,AGG,100.407,100.413
quote,01:00:12.308,EURJPY,CITI,113.204,113.218
quote,01:00:12.362,USDJPY,AGG,100.406,100.413
quote,01:00:12.362,USDJPY,CITI,100.406,100.413
quote,01:00:12.604,USDJPY,AGG,100.406,100.413
quote,01:00:12.771,AUDUSD,CITI,0.76256,0.76272
quote,01:00:12.861,USDJPY,AGG,100.408,100.415
quote,01:00:12.861,USDJPY,CITI,100.407,100.415
quote,01:00:12.861,EURJPY,AGG,113.209,113.218
quote,01:00:12.862,EURJPY,CITI,113.205,113.218
quote,01:00:13.107,EURJPY,AGG,113.211,113.22
quote,01:00:13.107,EURJPY,CITI,113.206,113.22
quote,01:00:13.108,USDJPY,AGG,100.408,100.415
quote,01:00:13.356,USDJPY,AGG,100.412,100.419
quote,01:00:13.357,USDJPY,CITI,100.412,100.419
quote,01:00:13.357,EURJPY,AGG,113.216,113.222
quote,01:00:13.357,EURJPY,CITI,113.209,113.222
quote,01:00:13.608,USDJPY,AGG,100.412,100.419
quote,01:00:13.612,EURJPY,AGG,113.216,113.224
quote,01:00:13.612,EURJPY,CITI,113.211,113.224
quote,01:00:14.157,EURJPY,AGG,113.216,113.224
quote,01:00:14.157,EURJPY,CITI,113.211,113.225
quote,01:00:14.160,USDJPY,AGG,100.412,100.419
quote,01:00:14.160,USDJPY,CITI,100.411,100.419
quote,01:00:14.409,EURJPY,AGG,113.215,113.224
quote,01:00:14.919,NZDUSD,AGG,0.7333,0.7334
quote,01:00:14.922,USDJPY,AGG,100.412,100.419
quote,01:00:14.922,USDJPY,CITI,100.412,100.419
quote,01:00:15.012,EURJPY,AGG,113.216,113.222
quote,01:00:15.012,EURJPY,CITI,113.211,113.224
quote,01:00:15.161,USDJPY,AGG,100.413,100.42
quote,01:00:15.161,USDJPY,CITI,100.413,100.42
quote,01:00:15.257,EURJPY,AGG,113.214,113.223
quote,01:00:15.257,EURJPY,CITI,113.211,113.225
quote,01:00:15.411,USDJPY,AGG,100.414,100.42
quote,01:00:15.525,EURJPY,AGG,113.212,113.221
quote,01:00:15.659,USDJPY,AGG,100.412,100.418
quote,01:00:15.659,USDJPY,CITI,100.411,100.418
quote,01:00:15.766,EURJPY,AGG,113.21,113.219
quote,01:00:15.766,EURJPY,CITI,113.209,113.222
quote,01:00:15.908,AUDUSD,AGG,0.76261,0.76265
quote,01:00:15.921,USDJPY,AGG,100.417,100.419
quote,01:00:15.924,USDJPY,CITI,100.417,100.424
quote,01:00:16.017,EURJPY,AGG,113.22,113.225
quote,01:00:16.017,EURJPY,CITI,113.215,113.228
quote,01:00:16.158,USDJPY,AGG,100.42,100.425
quote,01:00:16.158,USDJPY,CITI,100.42,100.427
quote,01:00:16.164,NZDUSD,AGG,0.7333,0.73339
quote,01:00:16.167,AUDUSD,AGG,0.76261,0.76266
quote,01:00:16.274,EURJPY,AGG,113.218,113.227
quote,01:00:16.406,USDJPY,AGG,100.419,100.426
quote,01:00:16.406,USDJPY,CITI,100.418,100.426
quote,01:00:16.408,AUDUSD,RFX,0.7625,0.7627
quote,01:00:16.408,AUDUSD,AGG,0.76261,0.76264
quote,01:00:16.518,EURJPY,AGG,113.217,113.226
quote,01:00:16.518,EURJPY,CITI,113.215,113.229
quote,01:00:16.662,USDJPY,AGG,100.418,100.425
quote,01:00:16.662,USDJPY,CITI,100.418,100.425
quote,01:00:16.706,AUDUSD,AGG,0.76261,0.76264
quote,01:00:16.905,USDJPY,AGG,100.419,100.426
quote,01:00:16.909,USDJPY,CITI,100.419,100.426
quote,01:00:16.962,AUDUSD,RFX,0.7626,0.7627
quote,01:00:16.962,AUDUSD,AGG,0.76261,0.76264
quote,01:00:17.167,USDJPY,AGG,100.418,100.425
quote,01:00:17.167,USDJPY,CITI,100.418,100.425
quote,01:00:17.229,AUDUSD,AGG,0.76261,0.76267
quote,01:00:18.009,AUDUSD,CITI,0.76257,0.76273
quote,01:00:18.060,USDJPY,AGG,100.418,100.425
quote,01:00:18.061,USDJPY,CITI,100.417,100.425
quote,01:00:18.328,USDJPY,AGG,100.418,100.424
quote,01:00:18.559,EURJPY,AGG,113.215,113.223
quote,01:00:18.559,EURJPY,CITI,113.213,113.227
quote,01:00:18.565,USDJPY,AGG,100.415,100.42
quote,01:00:18.565,USDJPY,CITI,100.415,100.422
quote,01:00:18.774,AUDUSD,AGG,0.76262,0.76267
quote,01:00:18.806,EURJPY,AGG,113.215,113.222
quote,01:00:18.848,USDJPY,AGG,100.415,100.42
quote,01:00:18.848,USDJPY,CITI,100.415,100.421
quote,01:00:19.011,NZDUSD,AGG,0.7333,0.7334
quote,01:00:19.103,EURJPY,AGG,113.217,113.222
quote,01:00:19.305,USDJPY,CITI,100.415,100.422
quote,01:00:19.308,EURJPY,AGG,113.218,113.222
quote,01:00:19.560,USDJPY,AGG,100.416,100.42
quote,01:00:19.560,USDJPY,CITI,100.416,100.423
quote,01:00:20.008,USDJPY,AGG,100.415,100.42
quote,01:00:20.008,USDJPY,CITI,100.415,100.422
quote,01:00:20.306,AUDUSD,AGG,0.76262,0.76267
quote,01:00:20.604,USDJPY,AGG,100.416,100.42
quote,01:00:20.755,EURJPY,CITI,113.214,113.227
quote,01:00:20.806,AUDUSD,AGG,0.76265,0.76269
quote,01:00:20.806,AUDUSD,CITI,0.7626,0.76276
quote,01:00:20.865,USDJPY,AGG,100.416,100.42
quote,01:00:20.866,USDJPY,CITI,100.416,100.423
quote,01:00:20.875,NZDUSD,RFX,0.7333,0.7334
quote,01:00:20.875,NZDUSD,AGG,0.73331,0.7334
quote,01:00:20.963,EURJPY,AGG,113.219,113.222
quote,01:00:20.963,EURJPY,CITI,113.214,113.228
quote,01:00:21.069,AUDUSD,RFX,0.7626,0.7627
quote,01:00:21.069,AUDUSD,AGG,0.76263,0.76269
quote,01:00:21.069,AUDUSD,CITI,0.76259,0.76275
quote,01:00:21.116,NZDUSD,RFX,0.7333,0.7334
quote,01:00:21.122,NZDUSD,AGG,0.7333,0.7334
quote,01:00:21.221,EURJPY,AGG,113.218,113.226
quote,01:00:21.221,EURJPY,CITI,113.215,113.228
quote,01:00:21.306,NZDUSD,AGG,0.7333,0.7334
quote,01:00:21.307,AUDUSD,AGG,0.76263,0.76268
quote,01:00:21.307,AUDUSD,CITI,0.7626,0.76276
quote,01:00:21.383,USDJPY,AGG,100.418,100.424
quote,01:00:21.383,USDJPY,CITI,100.418,100.425
quote,01:00:21.495,EURJPY,AGG,113.218,113.226
quote,01:00:21.495,EURJPY,CITI,113.215,113.229
quote,01:00:21.579,AUDUSD,CITI,0.76259,0.76275
quote,01:00:21.605,USDJPY,AGG,100.417,100.424
quote,01:00:21.605,USDJPY,CITI,100.417,100.425
quote,01:00:22.109,USDJPY,AGG,100.417,100.424
quote,01:00:22.109,USDJPY,CITI,100.417,100.424
quote,01:00:22.394,USDJPY,AGG,100.417,100.424
quote,01:00:22.906,USDJPY,AGG,100.417,100.424
quote,01:00:24.464,USDJPY,AGG,100.417,100.424
quote,01:00:25.308,EURJPY,CITI,113.216,113.229
quote,01:00:25.308,NZDUSD,AGG,0.7333,0.7334
quote,01:00:25.353,AUDUSD,AGG,0.76263,0.76267
quote,01:00:25.567,USDJPY,AGG,100.417,100.424
quote,01:00:26.311,USDJPY,AGG,100.417,100.424
quote,01:00:26.359,EURJPY,AGG,113.218,113.227
quote,01:00:26.705,AUDUSD,AGG,0.76263,0.76268
quote,01:00:29.005,USDJPY,AGG,100.417,100.423
quote,01:00:29.417,AUDUSD,RFX,0.7626,0.7627
quote,01:00:29.417,AUDUSD,AGG,0.76263,0.76269
quote,01:00:29.467,USDJPY,AGG,100.417,100.423
quote,01:00:29.467,USDJPY,CITI,100.416,100.423
quote,01:00:29.606,EURJPY,AGG,113.217,113.226
quote,01:00:29.965,AUDUSD,AGG,0.76263,0.76269
quote,01:00:29.965,AUDUSD,CITI,0.7626,0.76276
quote,01:00:30.009,USDJPY,AGG,100.417,100.424
quote,01:00:30.009,USDJPY,CITI,100.417,100.424
quote,01:00:30.110,EURJPY,AGG,113.217,113.225
quote,01:00:30.214,NZDUSD,AGG,0.7333,0.7334
quote,01:00:30.214,AUDUSD,RFX,0.7626,0.7627
quote,01:00:30.214,AUDUSD,AGG,0.76263,0.76268
quote,01:00:30.214,AUDUSD,CITI,0.76259,0.76275
quote,01:00:30.465,AUDUSD,RFX,0.7626,0.7627
quote,01:00:31.214,AUDUSD,AGG,0.76263,0.76267
quote,01:00:31.304,NZDUSD,AGG,0.7333,0.7334
quote,01:00:31.468,AUDUSD,RFX,0.7626,0.7627
quote,01:00:31.468,AUDUSD,AGG,0.76262,0.76267
quote,01:00:31.563,NZDUSD,AGG,0.7333,0.73339
quote,01:00:31.563,NZDUSD,CITI,0.73326,0.73343
quote,01:00:31.707,AUDUSD,RFX,0.7626,0.7627
quote,01:00:31.707,AUDUSD,AGG,0.7626,0.76264
quote,01:00:31.707,AUDUSD,CITI,0.76256,0.76272
quote,01:00:31.726,EURJPY,AGG,113.216,113.222
quote,01:00:31.727,EURJPY,CITI,113.215,113.229
quote,01:00:31.962,AUDUSD,AGG,0.7626,0.76264
quote,01:00:31.974,EURJPY,CITI,113.214,113.227
quote,01:00:32.205,AUDUSD,AGG,0.7626,0.76265
quote,01:00:32.206,AUDUSD,CITI,0.76255,0.76271
quote,01:00:32.219,EURJPY,AGG,113.215,113.223
quote,01:00:32.220,EURJPY,CITI,113.213,113.227
quote,01:00:32.465,EURJPY,AGG,113.215,113.223
quote,01:00:32.465,EURJPY,CITI,113.212,113.226
quote,01:00:32.705,EURJPY,AGG,113.214,113.223
quote,01:00:32.710,USDJPY,AGG,100.417,100.423
quote,01:00:32.711,USDJPY,CITI,100.416,100.423
quote,01:00:32.761,AUDUSD,AGG,0.76261,0.76266
quote,01:00:33.006,AUDUSD,RFX,0.7625,0.7627
quote,01:00:33.006,AUDUSD,AGG,0.76258,0.76264
quote,01:00:33.206,USDJPY,AGG,100.415,100.42
quote,01:00:33.206,USDJPY,CITI,100.414,100.421
quote,01:00:33.214,EURJPY,AGG,113.211,113.22
quote,01:00:33.214,EURJPY,CITI,113.209,113.222
quote,01:00:33.262,AUDUSD,RFX,0.7625,0.7627
quote,01:00:33.262,AUDUSD,AGG,0.76258,0.76263
quote,01:00:33.262,AUDUSD,CITI,0.76253,0.76269
quote,01:00:33.461,USDJPY,AGG,100.414,100.42
quote,01:00:33.461,USDJPY,CITI,100.413,100.42
quote,01:00:33.468,EURJPY,AGG,113.211,113.219
quote,01:00:33.468,EURJPY,CITI,113.208,113.222
quote,01:00:33.730,EURJPY,AGG,113.211,113.218
quote,01:00:33.762,AUDUSD,AGG,0.76257,0.76263
quote,01:00:33.762,AUDUSD,CITI,0.76252,0.76268
quote,01:00:33.979,EURJPY,AGG,113.211,113.219
quote,01:00:34.524,EURJPY,AGG,113.211,113.219
quote,01:00:34.524,EURJPY,CITI,113.208,113.221
quote,01:00:35.210,EURJPY,AGG,113.21,113.219
quote,01:00:35.392,USDJPY,AGG,100.414,100.42
quote,01:00:35.394,USDJPY,CITI,100.414,100.421
quote,01:00:35.605,USDJPY,AGG,100.414,100.42
quote,01:00:35.606,USDJPY,CITI,100.413,100.42
quote,01:00:35.641,AUDUSD,AGG,0.76257,0.76263
quote,01:00:35.668,EURJPY,AGG,113.21,113.218
quote,01:00:35.668,EURJPY,CITI,113.206,113.219
quote,01:00:35.860,USDJPY,AGG,100.414,100.42
quote,01:00:35.862,USDJPY,CITI,100.414,100.421
quote,01:00:35.919,AUDUSD,AGG,0.76257,0.76262
quote,01:00:35.919,AUDUSD,CITI,0.76251,0.76267
quote,01:00:35.921,EURJPY,AGG,113.21,113.218
quote,01:00:35.921,EURJPY,CITI,113.206,113.22
quote,01:00:36.161,EURJPY,AGG,113.209,113.218
quote,01:00:37.165,EURJPY,CITI,113.206,113.219
quote,01:00:37.407,EURJPY,AGG,113.208,113.217
quote,01:00:37.509,USDJPY,AGG,100.414,100.42
quote,01:00:37.509,USDJPY,CITI,100.413,100.42
quote,01:00:37.708,EURJPY,AGG,113.208,113.215
quote,01:00:37.770,USDJPY,AGG,100.414,100.42
quote,01:00:37.960,EURJPY,AGG,113.209,113.217
quote,01:00:38.021,USDJPY,AGG,100.414,100.42
quote,01:00:38.285,AUDUSD,RFX,0.7625,0.7627
quote,01:00:39.521,USDJPY,AGG,100.414,100.418
quote,01:00:39.611,EURJPY,AGG,113.209,113.215
quote,01:00:39.968,AUDUSD,RFX,0.7625,0.7627
quote,01:00:39.968,AUDUSD,AGG,0.76256,0.76262
quote,01:00:40.506,AUDUSD,CITI,0.7625,0.76266
quote,01:00:40.659,USDJPY,AGG,100.414,100.418
quote,01:00:40.763,EURJPY,AGG,113.211,113.218
quote,01:00:40.763,AUDUSD,RFX,0.7625,0.7627
quote,01:00:40.763,AUDUSD,AGG,0.76258,0.76262
quote,01:00:40.905,USDJPY,AGG,100.413,100.418
quote,01:00:40.906,USDJPY,CITI,100.412,100.419
quote,01:00:41.005,AUDUSD,AGG,0.76258,0.76263
quote,01:00:41.005,AUDUSD,CITI,0.76251,0.76267
quote,01:00:41.014,EURJPY,AGG,113.211,113.219
quote,01:00:41.014,EURJPY,CITI,113.207,113.22
quote,01:00:41.260,EURJPY,CITI,113.207,113.221
quote,01:00:41.506,AUDUSD,AGG,0.76258,0.76263
quote,01:00:41.704,USDJPY,AGG,100.412,100.418
quote,01:00:41.914,EURJPY,AGG,113.21,113.219
quote,01:00:42.163,AUDUSD,RFX,0.7625,0.7627
quote,01:00:42.164,AUDUSD,AGG,0.76258,0.76263
quote,01:00:42.508,EURJPY,AGG,113.21,113.219
quote,01:00:42.508,USDJPY,AGG,100.412,100.419
quote,01:00:42.524,NZDUSD,AGG,0.7333,0.73338
quote,01:00:42.524,NZDUSD,CITI,0.73325,0.73342
quote,01:00:43.413,EURJPY,CITI,113.207,113.22
quote,01:00:45.412,USDJPY,AGG,100.412,100.418
quote,01:00:47.361,NZDUSD,AGG,0.7333,0.73337
quote,01:00:48.517,AUDUSD,AGG,0.76257,0.76263
quote,01:00:48.959,AUDUSD,RFX,0.7625,0.7627
quote,01:00:48.961,AUDUSD,AGG,0.76256,0.76262
quote,01:00:49.606,USDJPY,AGG,100.412,100.418
quote,01:00:49.606,USDJPY,CITI,100.411,100.418
quote,01:00:49.887,EURJPY,AGG,113.21,113.218
quote,01:00:50.107,USDJPY,AGG,100.412,100.417
quote,01:00:50.107,USDJPY,CITI,100.41,100.417
quote,01:00:50.107,EURJPY,AGG,113.209,113.218
quote,01:00:50.107,EURJPY,CITI,113.206,113.22
quote,01:00:50.209,AUDUSD,RFX,0.7625,0.7627
quote,01:00:50.400,USDJPY,AGG,100.412,100.418
quote,01:00:50.400,USDJPY,CITI,100.411,100.418
quote,01:00:50.958,USDJPY,AGG,100.414,100.42
quote,01:00:50.958,USDJPY,CITI,100.414,100.421
quote,01:00:50.960,EURJPY,AGG,113.213,113.221
quote,01:00:50.960,EURJPY,CITI,113.208,113.221
quote,01:00:51.214,EURJPY,AGG,113.213,113.221
quote,01:00:51.214,EURJPY,CITI,113.208,113.222
quote,01:00:51.666,AUDUSD,AGG,0.76257,0.76263
quote,01:00:51.705,EURJPY,AGG,113.212,113.221
quote,01:00:51.715,USDJPY,AGG,100.414,100.42
quote,01:00:51.718,USDJPY,CITI,100.413,100.42
quote,01:00:51.988,EURJPY,AGG,113.213,113.221
quote,01:00:52.204,USDJPY,AGG,100.414,100.42
quote,01:00:52.204,USDJPY,CITI,100.414,100.421
quote,01:00:54.707,AUDUSD,AGG,0.76258,0.76263
quote,01:00:55.205,AUDUSD,AGG,0.76258,0.76262
quote,01:00:55.456,AUDUSD,AGG,0.76258,0.76263
quote,01:00:55.583,EURJPY,AGG,113.213,113.22
quote,01:00:55.708,AUDUSD,AGG,0.76258,0.76263
quote,01:00:55.710,AUDUSD,CITI,0.76252,0.76268
quote,01:00:55.805,EURJPY,AGG,113.213,113.221
quote,01:00:56.004,AUDUSD,CITI,0.76251,0.76267
quote,01:00:56.055,EURJPY,AGG,113.215,113.221
quote,01:00:56.055,EURJPY,CITI,113.209,113.222
quote,01:00:56.157,USDJPY,AGG,100.415,100.42
quote,01:00:56.157,USDJPY,CITI,100.415,100.422
quote,01:00:56.298,AUDUSD,AGG,0.76258,0.76263
quote,01:00:56.298,AUDUSD,CITI,0.76251,0.76268
quote,01:00:56.311,EURJPY,AGG,113.216,113.223
quote,01:00:56.312,EURJPY,CITI,113.21,113.223
quote,01:00:56.411,USDJPY,AGG,100.415,100.42
quote,01:00:56.558,AUDUSD,AGG,0.76258,0.76264
quote,01:00:56.558,AUDUSD,CITI,0.76252,0.76268
quote,01:00:56.576,EURJPY,AGG,113.215,113.223
quote,01:00:56.576,EURJPY,CITI,113.211,113.225
quote,01:00:56.660,USDJPY,AGG,100.416,100.42
quote,01:00:56.660,USDJPY,CITI,100.416,100.423
quote,01:00:56.808,AUDUSD,AGG,0.76258,0.76264
quote,01:00:56.861,EURJPY,AGG,113.217,113.224
quote,01:00:56.861,EURJPY,CITI,113.212,113.226
quote,01:00:56.905,USDJPY,AGG,100.417,100.42
quote,01:00:57.059,AUDUSD,AGG,0.76257,0.76263
quote,01:00:57.114,EURJPY,AGG,113.221,113.227
quote,01:00:57.114,EURJPY,CITI,113.215,113.228
quote,01:00:57.160,USDJPY,AGG,100.419,100.42
quote,01:00:57.160,USDJPY,CITI,100.419,100.426
quote,01:00:57.306,AUDUSD,AGG,0.76258,0.76262
quote,01:00:57.306,AUDUSD,CITI,0.76251,0.76267
quote,01:00:57.380,EURJPY,AGG,113.223,113.228
quote,01:00:57.380,EURJPY,CITI,113.217,113.231
quote,01:00:57.409,USDJPY,AGG,100.421,100.426
quote,01:00:57.562,AUDUSD,RFX,0.7625,0.7627
quote,01:00:57.562,AUDUSD,AGG,0.76258,0.76263
quote,01:00:57.562,AUDUSD,CITI,0.76252,0.76268
quote,01:00:57.609,EURJPY,AGG,113.221,113.228
quote,01:00:57.611,EURJPY,CITI,113.216,113.23
quote,01:00:57.661,USDJPY,AGG,100.42,100.426
quote,01:00:57.806,AUDUSD,AGG,0.76258,0.76263
quote,01:00:57.911,EURJPY,AGG,113.22,113.228
quote,01:00:58.057,AUDUSD,AGG,0.76258,0.76263
quote,01:00:58.307,AUDUSD,AGG,0.76258,0.76262
quote,01:00:58.307,AUDUSD,CITI,0.76251,0.76267
quote,01:00:58.409,USDJPY,AGG,100.42,100.426
quote,01:00:58.409,USDJPY,CITI,100.42,100.427
quote,01:00:58.576,AUDUSD,RFX,0.7625,0.7627
quote,01:00:58.576,AUDUSD,CITI,0.76252,0.76268
quote,01:00:58.850,AUDUSD,AGG,0.76257,0.76262
quote,01:00:58.851,AUDUSD,CITI,0.76251,0.76267
quote,01:00:59.103,AUDUSD,CITI,0.76252,0.76268
quote,01:00:59.357,AUDUSD,CITI,0.76251,0.76267
quote,01:00:59.408,USDJPY,AGG,100.42,100.427
quote,01:00:59.412,EURJPY,AGG,113.221,113.228
quote,01:00:59.609,AUDUSD,RFX,0.7625,0.7627
quote,01:00:59.609,AUDUSD,CITI,0.76252,0.76268
quote,01:00:59.656,USDJPY,AGG,100.421,100.428
quote,01:00:59.656,USDJPY,CITI,100.421,100.428
quote,01:00:59.660,EURJPY,AGG,113.221,113.229
quote,01:00:59.866,AUDUSD,CITI,0.76251,0.76268
quote,01:00:59.905,USDJPY,AGG,100.425,100.429
quote,01:00:59.905,USDJPY,CITI,100.423,100.43
quote,01:00:59.906,EURJPY,AGG,113.222,113.23
quote,01:00:59.906,EURJPY,CITI,113.218,113.232
quote,01:01:00.110,AUDUSD,AGG,0.76256,0.76262
quote,01:01:00.110,AUDUSD,CITI,0.7625,0.76266
quote,01:01:00.165,USDJPY,AGG,100.426,100.43
quote,01:01:00.165,USDJPY,CITI,100.424,100.431
quote,01:01:00.177,EURJPY,AGG,113.223,113.232
quote,01:01:00.177,EURJPY,CITI,113.219,113.233
quote,01:01:00.412,USDJPY,AGG,100.426,100.43
quote,01:01:00.412,USDJPY,CITI,100.425,100.432
quote,01:01:00.413,EURJPY,AGG,113.224,113.231
quote,01:01:00.413,EURJPY,CITI,113.22,113.233
quote,01:01:00.605,AUDUSD,RFX,0.7625,0.7626
quote,01:01:00.606,AUDUSD,AGG,0.76254,0.7626
quote,01:01:00.606,AUDUSD,CITI,0.76249,0.76265
quote,01:01:00.666,USDJPY,AGG,100.426,100.43
quote,01:01:00.690,EURJPY,CITI,113.219,113.233
quote,01:01:00.861,AUDUSD,RFX,0.7625,0.7626
quote,01:01:00.862,AUDUSD,AGG,0.76253,0.76259
quote,01:01:00.925,EURJPY,AGG,113.223,113.231
quote,01:01:00.925,EURJPY,CITI,113.219,113.232
quote,01:01:01.162,NZDUSD,RFX,0.7333,0.7334
quote,01:01:01.165,EURJPY,CITI,113.219,113.233
quote,01:01:01.406,EURJPY,CITI,113.22,113.233
quote,01:01:01.509,NZDUSD,RFX,0.7333,0.7334
quote,01:01:02.659,USDJPY,AGG,100.425,100.43
quote,01:01:04.225,USDJPY,AGG,100.425,100.43
quote,01:01:04.512,USDJPY,AGG,100.425,100.43
quote,01:01:04.912,AUDUSD,RFX,0.7625,0.7627
quote,01:01:04.912,AUDUSD,AGG,0.76257,0.76261
quote,01:01:04.913,AUDUSD,CITI,0.7625,0.76266
quote,01:01:04.973,NZDUSD,RFX,0.7333,0.7334
quote,01:01:05.054,USDJPY,AGG,100.431,100.435
quote,01:01:05.054,USDJPY,CITI,100.43,100.437
quote,01:01:05.055,EURJPY,AGG,113.229,113.236
quote,01:01:05.055,EURJPY,CITI,113.224,113.238
quote,01:01:05.206,AUDUSD,AGG,0.76256,0.76261
quote,01:01:05.310,EURJPY,AGG,113.226,113.233
quote,01:01:05.310,EURJPY,CITI,113.223,113.237
quote,01:01:05.311,USDJPY,AGG,100.431,100.436
quote,01:01:05.311,USDJPY,CITI,100.43,100.436
quote,01:01:05.461,AUDUSD,RFX,0.7625,0.7626
quote,01:01:05.461,AUDUSD,AGG,0.76254,0.76259
quote,01:01:05.461,AUDUSD,CITI,0.76249,0.76265
quote,01:01:05.562,EURJPY,AGG,113.227,113.234
quote,01:01:05.562,EURJPY,CITI,113.222,113.236
quote,01:01:05.584,USDJPY,AGG,100.431,100.437
quote,01:01:05.584,USDJPY,CITI,100.43,100.437
quote,01:01:05.657,NZDUSD,RFX,0.7332,0.7334
quote,01:01:05.657,NZDUSD,AGG,0.73325,0.73333
quote,01:01:05.657,NZDUSD,CITI,0.73322,0.73339
quote,01:01:05.718,AUDUSD,AGG,0.76253,0.76258
quote,01:01:05.812,EURJPY,AGG,113.226,113.234
quote,01:01:05.906,NZDUSD,RFX,0.7332,0.7334
quote,01:01:05.906,NZDUSD,AGG,0.7332,0.73331
quote,01:01:05.906,NZDUSD,CITI,0.73317,0.73334
quote,01:01:05.959,AUDUSD,RFX,0.7625,0.7626
quote,01:01:05.959,AUDUSD,AGG,0.76252,0.76256
quote,01:01:05.959,AUDUSD,CITI,0.76247,0.76263
quote,01:01:06.182,NZDUSD,RFX,0.7332,0.7334
quote,01:01:06.182,NZDUSD,AGG,0.73321,0.7333
quote,01:01:06.213,AUDUSD,RFX,0.7625,0.7626
quote,01:01:06.213,AUDUSD,AGG,0.76253,0.76258
quote,01:01:06.213,AUDUSD,CITI,0.76246,0.76262
quote,01:01:06.263,USDJPY,AGG,100.431,100.436
quote,01:01:06.263,USDJPY,CITI,100.429,100.436
quote,01:01:06.308,EURJPY,AGG,113.226,113.233
quote,01:01:06.434,NZDUSD,AGG,0.7332,0.73332
quote,01:01:06.434,NZDUSD,CITI,0.73318,0.73335
quote,01:01:06.461,AUDUSD,RFX,0.7625,0.7626
quote,01:01:06.461,AUDUSD,AGG,0.76253,0.76258
quote,01:01:06.461,AUDUSD,CITI,0.76248,0.76264
quote,01:01:06.562,EURJPY,CITI,113.222,113.235
quote,01:01:06.698,NZDUSD,RFX,0.7332,0.7334
quote,01:01:06.698,NZDUSD,AGG,0.7332,0.73333
quote,01:01:07.009,USDJPY,AGG,100.431,100.435
quote,01:01:07.010,USDJPY,CITI,100.428,100.435
quote,01:01:07.230,AUDUSD,RFX,0.7625,0.7626
quote,01:01:07.460,AUDUSD,RFX,0.7625,0.7627
quote,01:01:07.460,AUDUSD,AGG,0.76256,0.7626
quote,01:01:07.460,AUDUSD,CITI,0.76249,0.76265
quote,01:01:07.467,NZDUSD,RFX,0.7332,0.7334
quote,01:01:07.467,NZDUSD,AGG,0.73321,0.73333
quote,01:01:07.530,USDJPY,AGG,100.429,100.433
quote,01:01:07.714,AUDUSD,RFX,0.7625,0.7627
quote,01:01:07.714,AUDUSD,AGG,0.76256,0.7626
quote,01:01:07.714,AUDUSD,CITI,0.7625,0.76266
quote,01:01:07.714,EURJPY,AGG,113.223,113.23
quote,01:01:07.714,EURJPY,CITI,113.219,113.233
quote,01:01:07.714,NZDUSD,AGG,0.73322,0.73334
quote,01:01:07.715,NZDUSD,CITI,0.73319,0.73336
quote,01:01:07.760,USDJPY,AGG,100.429,100.434
quote,01:01:07.760,USDJPY,CITI,100.427,100.434
quote,01:01:07.960,EURJPY,AGG,113.225,113.233
quote,01:01:07.960,EURJPY,CITI,113.22,113.233
quote,01:01:07.971,AUDUSD,RFX,0.7625,0.7627
quote,01:01:07.971,NZDUSD,AGG,0.73322,0.73334
quote,01:01:07.973,NZDUSD,CITI,0.7332,0.73337
quote,01:01:08.032,USDJPY,AGG,100.428,100.434
quote,01:01:08.205,NZDUSD,AGG,0.73322,0.73334
quote,01:01:08.205,EURJPY,AGG,113.225,113.233
quote,01:01:08.205,EURJPY,CITI,113.22,113.234
quote,01:01:08.206,AUDUSD,RFX,0.7625,0.7626
quote,01:01:08.206,AUDUSD,AGG,0.76252,0.76257
quote,01:01:08.206,AUDUSD,CITI,0.76248,0.76264
quote,01:01:08.263,USDJPY,AGG,100.428,100.436
quote,01:01:08.263,USDJPY,CITI,100.428,100.436
quote,01:01:08.462,AUDUSD,RFX,0.7625,0.7626
quote,01:01:08.462,AUDUSD,CITI,0.76247,0.76263
quote,01:01:08.519,EURJPY,AGG,113.225,113.233
quote,01:01:08.705,NZDUSD,AGG,0.73322,0.73334
quote,01:01:08.720,AUDUSD,AGG,0.76252,0.76258
quote,01:01:08.720,EURJPY,AGG,113.224,113.233
quote,01:01:08.913,NZDUSD,AGG,0.73322,0.73334
quote,01:01:08.956,USDJPY,AGG,100.426,100.433
quote,01:01:08.956,USDJPY,CITI,100.424,100.434
quote,01:01:08.958,EURJPY,AGG,113.22,113.227
quote,01:01:08.958,EURJPY,CITI,113.215,113.229
quote,01:01:08.959,AUDUSD,RFX,0.7625,0.7627
quote,01:01:08.959,AUDUSD,AGG,0.76256,0.7626
quote,01:01:08.960,AUDUSD,CITI,0.76249,0.76265
quote,01:01:09.217,USDJPY,AGG,100.426,100.433
quote,01:01:09.218,USDJPY,CITI,100.423,100.433
quote,01:01:09.218,EURJPY,AGG,113.219,113.226
quote,01:01:09.218,EURJPY,CITI,113.217,113.228
quote,01:01:09.221,AUDUSD,AGG,0.76256,0.76261
quote,01:01:09.461,EURJPY,AGG,113.22,113.229
quote,01:01:09.461,EURJPY,CITI,113.218,113.229
quote,01:01:09.475,AUDUSD,RFX,0.7625,0.7627
quote,01:01:09.475,AUDUSD,AGG,0.76256,0.7626
quote,01:01:09.714,EURJPY,AGG,113.22,113.228
quote,01:01:09.715,EURJPY,CITI,113.218,113.228
quote,01:01:09.718,USDJPY,AGG,100.426,100.433
quote,01:01:09.958,EURJPY,AGG,113.225,113.23
quote,01:01:09.958,EURJPY,CITI,113.219,113.23
quote,01:01:09.961,USDJPY,AGG,100.429,100.434
quote,01:01:09.961,USDJPY,CITI,100.426,100.436
quote,01:01:10.204,USDJPY,AGG,100.428,100.434
quote,01:01:10.204,USDJPY,CITI,100.427,100.434
quote,01:01:10.206,EURJPY,AGG,113.223,113.23
quote,01:01:10.206,EURJPY,CITI,113.22,113.23
quote,01:01:10.461,USDJPY,AGG,100.428,100.435
quote,01:01:10.461,USDJPY,CITI,100.427,100.435
quote,01:01:10.461,EURJPY,AGG,113.223,113.231
quote,01:01:10.461,EURJPY,CITI,113.22,113.231
quote,01:01:10.705,USDJPY,AGG,100.428,100.435
quote,01:01:10.707,EURJPY,AGG,113.223,113.23
quote,01:01:10.963,USDJPY,AGG,100.428,100.435
quote,01:01:10.964,USDJPY,CITI,100.428,100.435
quote,01:01:11.216,EURJPY,AGG,113.224,113.23
quote,01:01:11.217,USDJPY,AGG,100.428,100.435
quote,01:01:11.217,USDJPY,CITI,100.428,100.436
quote,01:01:11.464,USDJPY,AGG,100.429,100.435
quote,01:01:11.464,USDJPY,CITI,100.428,100.435
quote,01:01:11.715,NZDUSD,AGG,0.73322,0.73334
quote,01:01:12.525,USDJPY,CITI,100.427,100.435
quote,01:01:13.021,USDJPY,CITI,100.427,100.436
quote,01:01:13.161,EURJPY,CITI,113.221,113.231
quote,01:01:13.306,AUDUSD,AGG,0.76256,0.76259
quote,01:01:13.310,NZDUSD,AGG,0.73322,0.73334
quote,01:01:13.321,USDJPY,AGG,100.428,100.435
quote,01:01:13.321,USDJPY,CITI,100.426,100.435
quote,01:01:13.409,EURJPY,CITI,113.22,113.231
quote,01:01:13.521,AUDUSD,AGG,0.76256,0.7626
quote,01:01:13.524,USDJPY,AGG,100.428,100.435
quote,01:01:13.660,EURJPY,AGG,113.223,113.23
quote,01:01:13.901,NZDUSD,RFX,0.7332,0.7334
quote,01:01:13.902,NZDUSD,AGG,0.73322,0.73334
quote,01:01:14.106,USDJPY,AGG,100.428,100.435
quote,01:01:14.108,USDJPY,CITI,100.425,100.435
quote,01:01:14.811,AUDUSD,RFX,0.7625,0.7627
quote,01:01:14.811,AUDUSD,AGG,0.76257,0.76261
quote,01:01:14.811,AUDUSD,CITI,0.7625,0.76266
quote,01:01:14.961,NZDUSD,AGG,0.73324,0.73335
quote,01:01:14.961,NZDUSD,CITI,0.73321,0.73338
quote,01:01:15.055,USDJPY,AGG,100.426,100.433
quote,01:01:15.055,USDJPY,CITI,100.424,100.434
quote,01:01:15.062,AUDUSD,RFX,0.7625,0.7627
quote,01:01:15.062,AUDUSD,AGG,0.76257,0.76263
quote,01:01:15.062,AUDUSD,CITI,0.76253,0.76269
quote,01:01:15.162,EURJPY,AGG,113.221,113.229
quote,01:01:15.162,EURJPY,CITI,113.219,113.23
quote,01:01:15.207,NZDUSD,AGG,0.73323,0.73335
quote,01:01:15.306,USDJPY,AGG,100.426,100.433
quote,01:01:15.306,USDJPY,CITI,100.422,100.433
quote,01:01:15.307,AUDUSD,AGG,0.76256,0.76263
quote,01:01:15.309,AUDUSD,CITI,0.76252,0.76268
quote,01:01:15.406,EURJPY,AGG,113.221,113.227
quote,01:01:15.406,EURJPY,CITI,113.218,113.229
quote,01:01:15.561,AUDUSD,AGG,0.76256,0.76263
quote,01:01:15.561,AUDUSD,CITI,0.76251,0.76267
quote,01:01:15.706,NZDUSD,AGG,0.73323,0.73335
quote,01:01:15.780,USDJPY,AGG,100.426,100.432
quote,01:01:15.781,USDJPY,CITI,100.422,100.432
quote,01:01:15.816,AUDUSD,AGG,0.76256,0.76263
quote,01:01:15.816,AUDUSD,CITI,0.76252,0.76268
quote,01:01:15.959,NZDUSD,AGG,0.73323,0.73335
quote,01:01:15.959,NZDUSD,CITI,0.7332,0.73337
quote,01:01:16.015,USDJPY,AGG,100.426,100.433
quote,01:01:16.015,USDJPY,CITI,100.422,100.433
quote,01:01:16.057,AUDUSD,AGG,0.76256,0.76264
quote,01:01:16.210,EURJPY,AGG,113.22,113.228
quote,01:01:16.217,NZDUSD,AGG,0.73323,0.73335
quote,01:01:16.275,USDJPY,AGG,100.426,100.433
quote,01:01:16.306,AUDUSD,AGG,0.76256,0.76264
quote,01:01:16.306,AUDUSD,CITI,0.76253,0.76269
quote,01:01:16.524,USDJPY,AGG,100.426,100.433
quote,01:01:16.561,AUDUSD,AGG,0.76256,0.76264
quote,01:01:16.563,AUDUSD,CITI,0.76252,0.76268
quote,01:01:16.716,EURJPY,AGG,113.219,113.227
quote,01:01:16.716,EURJPY,CITI,113.217,113.228
quote,01:01:16.767,USDJPY,AGG,100.424,100.43
quote,01:01:16.767,USDJPY,CITI,100.422,100.432
quote,01:01:16.805,AUDUSD,AGG,0.76256,0.76263
quote,01:01:16.962,EURJPY,AGG,113.219,113.225
quote,01:01:16.962,EURJPY,CITI,113.216,113.227
quote,01:01:17.006,USDJPY,AGG,100.424,100.43
quote,01:01:17.006,USDJPY,CITI,100.421,100.431
quote,01:01:17.056,AUDUSD,AGG,0.76256,0.76263
quote,01:01:17.219,EURJPY,AGG,113.219,113.226
quote,01:01:17.307,NZDUSD,AGG,0.73322,0.73335
quote,01:01:17.309,AUDUSD,AGG,0.76256,0.76262
quote,01:01:17.317,USDJPY,AGG,100.424,100.43
quote,01:01:17.319,USDJPY,CITI,100.421,100.43
quote,01:01:17.561,AUDUSD,AGG,0.76256,0.76262
quote,01:01:17.810,AUDUSD,AGG,0.76256,0.76263
quote,01:01:17.860,USDJPY,AGG,100.423,100.43
quote,01:01:18.109,AUDUSD,CITI,0.76251,0.76267
quote,01:01:18.904,NZDUSD,AGG,0.73322,0.73335
quote,01:01:19.013,USDJPY,AGG,100.426,100.43
quote,01:01:19.013,USDJPY,CITI,100.425,100.432
quote,01:01:19.016,EURJPY,AGG,113.223,113.228
quote,01:01:19.016,EURJPY,CITI,113.218,113.228
quote,01:01:19.261,USDJPY,CITI,100.424,100.432
quote,01:01:19.500,AUDUSD,AGG,0.76256,0.76263
quote,01:01:19.718,NZDUSD,AGG,0.73322,0.73335
quote,01:01:19.763,EURJPY,AGG,113.221,113.228
quote,01:01:20.026,USDJPY,CITI,100.425,100.432
quote,01:01:20.026,USDJPY,AGG,100.427,100.432
quote,01:01:20.026,EURJPY,AGG,113.221,113.228
quote,01:01:20.027,EURJPY,CITI,113.218,113.229
quote,01:01:20.261,USDJPY,AGG,100.427,100.433
quote,01:01:20.261,USDJPY,CITI,100.425,100.433
quote,01:01:20.264,EURJPY,AGG,113.221,113.229
quote,01:01:20.507,USDJPY,AGG,100.425,100.431
quote,01:01:20.507,USDJPY,CITI,100.424,100.431
quote,01:01:20.509,EURJPY,AGG,113.22,113.227
quote,01:01:20.509,EURJPY,CITI,113.217,113.228
quote,01:01:20.561,AUDUSD,AGG,0.76256,0.76262
quote,01:01:20.562,NZDUSD,CITI,0.73319,0.73336
quote,01:01:20.763,USDJPY,AGG,100.425,100.431
quote,01:01:20.801,EURJPY,AGG,113.219,113.227
quote,01:01:20.801,EURJPY,CITI,113.216,113.227
quote,01:01:20.806,AUDUSD,AGG,0.76256,0.76262
quote,01:01:21.061,EURJPY,AGG,113.219,113.227
quote,01:01:21.070,AUDUSD,AGG,0.76256,0.76263
quote,01:01:21.070,AUDUSD,CITI,0.76252,0.76268
quote,01:01:21.331,USDJPY,AGG,100.425,100.431
quote,01:01:21.331,AUDUSD,AGG,0.76256,0.76263
quote,01:01:21.564,AUDUSD,RFX,0.7625,0.7627
quote,01:01:21.564,AUDUSD,AGG,0.76256,0.76262
quote,01:01:21.564,AUDUSD,CITI,0.76251,0.76267
quote,01:01:21.565,USDJPY,AGG,100.425,100.43
quote,01:01:21.568,USDJPY,CITI,100.423,100.43
quote,01:01:21.577,NZDUSD,AGG,0.73321,0.73333
quote,01:01:21.591,EURJPY,AGG,113.218,113.226
quote,01:01:21.819,EURJPY,AGG,113.216,113.224
quote,01:01:21.819,EURJPY,CITI,113.215,113.226
quote,01:01:21.820,NZDUSD,RFX,0.7332,0.7334
quote,01:01:21.820,NZDUSD,AGG,0.73321,0.73333
quote,01:01:21.820,AUDUSD,RFX,0.7625,0.7627
quote,01:01:21.820,AUDUSD,AGG,0.76256,0.76261
quote,01:01:21.820,USDJPY,AGG,100.423,100.429
quote,01:01:21.820,USDJPY,CITI,100.422,100.429
quote,01:01:22.061,EURJPY,CITI,113.214,113.225
quote,01:01:22.079,USDJPY,AGG,100.422,100.429
quote,01:01:22.081,AUDUSD,RFX,0.7625,0.7627
quote,01:01:22.081,AUDUSD,AGG,0.76256,0.76261
quote,01:01:22.081,AUDUSD,CITI,0.7625,0.76266
quote,01:01:22.105,NZDUSD,AGG,0.73321,0.73332
quote,01:01:22.105,NZDUSD,CITI,0.73318,0.73335
quote,01:01:22.305,USDJPY,AGG,100.422,100.428
quote,01:01:22.305,USDJPY,CITI,100.421,100.428
quote,01:01:22.306,EURJPY,AGG,113.216,113.224
quote,01:01:22.321,AUDUSD,RFX,0.7625,0.7627
quote,01:01:22.559,USDJPY,AGG,100.422,100.427
quote,01:01:22.561,USDJPY,CITI,100.42,100.427
quote,01:01:22.607,AUDUSD,AGG,0.76256,0.76261
quote,01:01:22.817,AUDUSD,AGG,0.76256,0.7626
quote,01:01:22.822,EURJPY,AGG,113.215,113.224
quote,01:01:22.824,EURJPY,CITI,113.214,113.224
quote,01:01:23.060,USDJPY,AGG,100.422,100.428
quote,01:01:23.060,USDJPY,CITI,100.421,100.428
quote,01:01:23.107,EURJPY,CITI,113.213,113.224
quote,01:01:23.612,AUDUSD,CITI,0.76249,0.76265
quote,01:01:23.811,NZDUSD,AGG,0.73321,0.73332
quote,01:01:24.809,USDJPY,AGG,100.422,100.428
quote,01:01:25.006,NZDUSD,AGG,0.73321,0.73332
quote,01:01:25.068,AUDUSD,CITI,0.7625,0.76266
quote,01:01:25.214,USDJPY,AGG,100.422,100.427
quote,01:01:25.214,USDJPY,CITI,100.42,100.427
quote,01:01:25.261,EURJPY,AGG,113.215,113.223
quote,01:01:25.305,AUDUSD,AGG,0.76256,0.76261
quote,01:01:25.307,AUDUSD,CITI,0.76249,0.76265
quote,01:01:26.460,AUDUSD,RFX,0.7625,0.7627
quote,01:01:26.714,AUDUSD,RFX,0.7625,0.7626
quote,01:01:26.714,AUDUSD,AGG,0.76253,0.76259
quote,01:01:26.961,AUDUSD,RFX,0.7625,0.7627
quote,01:01:26.961,AUDUSD,AGG,0.76256,0.7626
quote,01:01:27.204,AUDUSD,RFX,0.7625,0.7627
quote,01:01:27.204,AUDUSD,AGG,0.76256,0.7626
quote,01:01:27.509,AUDUSD,AGG,0.76256,0.76261
quote,01:01:27.510,AUDUSD,CITI,0.7625,0.76266
quote,01:01:27.687,NZDUSD,AGG,0.73321,0.73332
quote,01:01:27.814,AUDUSD,AGG,0.76256,0.76261
quote,01:01:28.684,NZDUSD,AGG,0.73321,0.73332
quote,01:01:28.742,EURJPY,AGG,113.215,113.224
quote,01:01:28.766,USDJPY,AGG,100.422,100.428
quote,01:01:28.767,USDJPY,CITI,100.421,100.428
quote,01:01:28.860,AUDUSD,AGG,0.76256,0.76261
quote,01:01:29.460,AUDUSD,AGG,0.76256,0.76261
quote,01:01:30.205,NZDUSD,AGG,0.73321,0.73332
quote,01:01:30.523,EURJPY,AGG,113.215,113.223
quote,01:01:30.723,USDJPY,AGG,100.424,100.429
quote,01:01:30.723,USDJPY,CITI,100.422,100.431
quote,01:01:31.205,USDJPY,AGG,100.424,100.429
quote,01:01:31.257,EURJPY,AGG,113.215,113.224
quote,01:01:31.517,USDJPY,AGG,100.424,100.43
quote,01:01:31.713,AUDUSD,AGG,0.76256,0.76261
quote,01:01:31.760,EURJPY,AGG,113.216,113.224
quote,01:01:31.837,USDJPY,AGG,100.424,100.43
quote,01:01:31.837,USDJPY,CITI,100.423,100.43
quote,01:01:32.986,EURJPY,AGG,113.215,113.224
quote,01:01:32.987,AUDUSD,AGG,0.76256,0.7626
quote,01:01:33.225,AUDUSD,RFX,0.7625,0.7627
quote,01:01:33.227,EURJPY,AGG,113.215,113.223
quote,01:01:33.402,USDJPY,AGG,100.431,100.434
quote,01:01:33.402,USDJPY,CITI,100.429,100.436
quote,01:01:33.505,AUDUSD,CITI,0.76249,0.76265
quote,01:01:33.505,EURJPY,AGG,113.229,113.23
quote,01:01:33.505,EURJPY,CITI,113.223,113.234
quote,01:01:33.507,NZDUSD,AGG,0.73321,0.73331
quote,01:01:33.556,USDJPY,CITI,100.434,100.444
quote,01:01:33.556,USDJPY,AGG,100.437,100.443
quote,01:01:33.665,AUDUSD,RFX,0.7625,0.7627
quote,01:01:33.666,AUDUSD,AGG,0.76256,0.7626
quote,01:01:33.756,EURJPY,AGG,113.227,113.235
quote,01:01:33.756,EURJPY,CITI,113.224,113.235
quote,01:01:33.846,NZDUSD,AGG,0.73321,0.7333
quote,01:01:33.846,NZDUSD,CITI,0.73317,0.73334
quote,01:01:33.855,USDJPY,AGG,100.436,100.443
quote,01:01:33.855,USDJPY,CITI,100.434,100.443
quote,01:01:33.926,AUDUSD,AGG,0.76252,0.7626
quote,01:01:33.962,EURJPY,AGG,113.226,113.234
quote,01:01:33.962,EURJPY,CITI,113.223,113.234
quote,01:01:34.058,USDJPY,AGG,100.437,100.443
quote,01:01:34.058,USDJPY,CITI,100.433,100.443
quote,01:01:34.213,EURJPY,AGG,113.226,113.234
quote,01:01:34.216,AUDUSD,AGG,0.76252,0.76259
quote,01:01:34.314,USDJPY,AGG,100.437,100.443
quote,01:01:34.319,USDJPY,CITI,100.435,100.444
quote,01:01:34.441,AUDUSD,AGG,0.76252,0.76259
quote,01:01:34.685,AUDUSD,RFX,0.7625,0.7626
quote,01:01:34.685,AUDUSD,AGG,0.76252,0.76258
quote,01:01:34.688,AUDUSD,CITI,0.76248,0.76264
quote,01:01:34.711,EURJPY,AGG,113.225,113.233
quote,01:01:34.906,AUDUSD,AGG,0.76252,0.76258
quote,01:01:35.107,NZDUSD,AGG,0.7332,0.7333
quote,01:01:35.162,AUDUSD,AGG,0.76252,0.76258
quote,01:01:35.316,USDJPY,AGG,100.436,100.443
quote,01:01:35.316,USDJPY,CITI,100.433,100.443
quote,01:01:35.418,AUDUSD,AGG,0.76253,0.76258
quote,01:01:35.733,AUDUSD,AGG,0.76253,0.76258
quote,01:01:35.947,AUDUSD,AGG,0.76253,0.76258
quote,01:01:35.948,USDJPY,AGG,100.436,100.443
quote,01:01:36.238,AUDUSD,RFX,0.7625,0.7626
quote,01:01:36.239,AUDUSD,AGG,0.76253,0.76259
quote,01:01:37.247,AUDUSD,AGG,0.76253,0.76258
quote,01:01:37.517,EURJPY,AGG,113.225,113.234
quote,01:01:37.760,USDJPY,AGG,100.436,100.443
quote,01:01:38.006,USDJPY,AGG,100.436,100.443
quote,01:01:38.270,USDJPY,AGG,100.436,100.441
quote,01:01:38.274,USDJPY,CITI,100.432,100.442
quote,01:01:38.425,EURJPY,AGG,113.223,113.232
quote,01:01:38.425,EURJPY,CITI,113.222,113.233
quote,01:01:38.534,AUDUSD,RFX,0.7625,0.7626
quote,01:01:38.537,AUDUSD,AGG,0.76252,0.76257
quote,01:01:38.706,EURJPY,AGG,113.225,113.233
quote,01:01:38.706,EURJPY,CITI,113.223,113.233
quote,01:01:38.724,USDJPY,AGG,100.436,100.442
quote,01:01:38.724,USDJPY,CITI,100.433,100.443
quote,01:01:38.778,AUDUSD,RFX,0.7625,0.7626
quote,01:01:38.778,AUDUSD,CITI,0.76247,0.76263
quote,01:01:38.994,EURJPY,AGG,113.224,113.233
quote,01:01:39.045,AUDUSD,AGG,0.76252,0.76257
quote,01:01:39.206,EURJPY,AGG,113.223,113.231
quote,01:01:39.243,USDJPY,AGG,100.436,100.442
quote,01:01:39.243,USDJPY,CITI,100.432,100.442
quote,01:01:39.262,NZDUSD,RFX,0.7332,0.7334
quote,01:01:39.481,USDJPY,AGG,100.436,100.442
quote,01:01:39.481,USDJPY,CITI,100.433,100.443
quote,01:01:39.482,EURJPY,AGG,113.223,113.232
quote,01:01:39.482,EURJPY,CITI,113.222,113.233
quote,01:01:39.727,AUDUSD,AGG,0.76252,0.76257
quote,01:01:39.727,EURJPY,AGG,113.224,113.233
quote,01:01:39.966,USDJPY,AGG,100.436,100.442
quote,01:01:39.967,USDJPY,CITI,100.433,100.442
quote,01:01:39.971,EURJPY,AGG,113.224,113.233
quote,01:01:40.239,USDJPY,AGG,100.437,100.442
quote,01:01:40.248,EURJPY,AGG,113.223,113.232
quote,01:01:40.259,NZDUSD,RFX,0.7332,0.7334
quote,01:01:40.259,NZDUSD,AGG,0.7332,0.7333
quote,01:01:40.458,USDJPY,AGG,100.437,100.441
quote,01:01:40.458,USDJPY,CITI,100.432,100.442
quote,01:01:40.462,EURJPY,AGG,113.223,113.231
quote,01:01:40.505,NZDUSD,AGG,0.7332,0.73331
quote,01:01:40.718,EURJPY,AGG,113.224,113.233
quote,01:01:40.720,USDJPY,AGG,100.437,100.442
quote,01:01:40.720,USDJPY,CITI,100.433,100.443
quote,01:01:41.214,EURJPY,CITI,113.223,113.233
quote,01:01:41.289,USDJPY,AGG,100.436,100.44
quote,01:01:41.507,USDJPY,AGG,100.435,100.44
quote,01:01:41.510,USDJPY,CITI,100.432,100.442
quote,01:01:41.732,EURJPY,AGG,113.222,113.231
quote,01:01:41.732,EURJPY,CITI,113.221,113.232
quote,01:01:41.775,USDJPY,AGG,100.435,100.44
quote,01:01:42.035,USDJPY,CITI,100.431,100.441
quote,01:01:42.035,EURJPY,AGG,113.222,113.23
quote,01:01:42.262,AUDUSD,RFX,0.7625,0.7626
quote,01:01:42.265,AUDUSD,AGG,0.7625,0.76255
quote,01:01:42.268,AUDUSD,CITI,0.76245,0.76261
quote,01:01:42.305,NZDUSD,AGG,0.7332,0.73331
quote,01:01:42.461,EURJPY,AGG,113.22,113.228
quote,01:01:42.461,EURJPY,CITI,113.22,113.231
quote,01:01:42.534,AUDUSD,RFX,0.7625,0.7626
quote,01:01:42.534,AUDUSD,AGG,0.7625,0.76255
quote,01:01:42.544,USDJPY,AGG,100.435,100.44
quote,01:01:42.594,NZDUSD,AGG,0.7332,0.73331
quote,01:01:42.753,EURJPY,AGG,113.217,113.226
quote,01:01:42.753,EURJPY,CITI,113.216,113.227
quote,01:01:42.796,USDJPY,AGG,100.43,100.436
quote,01:01:42.796,USDJPY,CITI,100.428,100.437
quote,01:01:42.816,AUDUSD,RFX,0.7625,0.7627
quote,01:01:42.816,AUDUSD,AGG,0.76254,0.76259
quote,01:01:42.816,AUDUSD,CITI,0.76248,0.76264
quote,01:01:42.818,NZDUSD,RFX,0.7332,0.7334
quote,01:01:42.818,NZDUSD,AGG,0.73321,0.73333
quote,01:01:42.962,EURJPY,AGG,113.219,113.226
quote,01:01:42.962,EURJPY,CITI,113.217,113.226
quote,01:01:43.041,USDJPY,AGG,100.428,100.436
quote,01:01:43.041,USDJPY,CITI,100.428,100.438
quote,01:01:43.043,AUDUSD,AGG,0.76256,0.76261
quote,01:01:43.043,AUDUSD,CITI,0.7625,0.76266
quote,01:01:43.068,NZDUSD,AGG,0.73321,0.73333
quote,01:01:43.280,AUDUSD,RFX,0.7625,0.7627
quote,01:01:43.280,AUDUSD,AGG,0.76255,0.76261
quote,01:01:43.298,USDJPY,AGG,100.428,100.436
quote,01:01:43.298,USDJPY,CITI,100.426,100.437
quote,01:01:43.460,EURJPY,AGG,113.218,113.226
quote,01:01:43.521,AUDUSD,RFX,0.7625,0.7627
quote,01:01:43.521,AUDUSD,AGG,0.76256,0.76261
quote,01:01:43.523,AUDUSD,CITI,0.76249,0.76265
quote,01:01:43.765,AUDUSD,AGG,0.76255,0.76261
quote,01:01:43.960,USDJPY,AGG,100.428,100.434
quote,01:01:44.061,AUDUSD,AGG,0.76256,0.76261
quote,01:01:44.158,EURJPY,AGG,113.217,113.224
quote,01:01:44.158,EURJPY,CITI,113.215,113.224
quote,01:01:44.211,USDJPY,AGG,100.428,100.434
quote,01:01:44.217,USDJPY,CITI,100.426,100.435
quote,01:01:44.421,EURJPY,AGG,113.217,113.223
quote,01:01:44.421,EURJPY,CITI,113.214,113.223
quote,01:01:44.666,EURJPY,AGG,113.219,113.224
quote,01:01:44.667,EURJPY,CITI,113.215,113.224
quote,01:01:44.700,NZDUSD,RFX,0.7332,0.7334
quote,01:01:44.762,USDJPY,AGG,100.431,100.436
quote,01:01:44.762,USDJPY,CITI,100.429,100.439
quote,01:01:44.906,EURJPY,AGG,113.219,113.226
quote,01:01:44.906,EURJPY,CITI,113.217,113.226
quote,01:01:45.036,USDJPY,AGG,100.431,100.437
quote,01:01:45.707,AUDUSD,CITI,0.7625,0.76266
quote,01:01:45.862,NZDUSD,AGG,0.73321,0.73333
quote,01:01:45.862,NZDUSD,CITI,0.73319,0.73336
quote,01:01:45.971,AUDUSD,AGG,0.76257,0.76261
quote,01:01:46.066,EURJPY,AGG,113.222,113.227
quote,01:01:46.066,EURJPY,CITI,113.218,113.227
quote,01:01:46.069,USDJPY,AGG,100.431,100.438
quote,01:01:46.124,NZDUSD,AGG,0.73321,0.73333
quote,01:01:46.263,USDJPY,AGG,100.431,100.437
quote,01:01:46.292,EURJPY,AGG,113.222,113.229
quote,01:01:46.292,EURJPY,CITI,113.22,113.229
quote,01:01:46.306,NZDUSD,CITI,0.73318,0.73335
quote,01:01:46.506,USDJPY,AGG,100.431,100.438
quote,01:01:46.506,USDJPY,CITI,100.43,100.439
quote,01:01:46.521,EURJPY,AGG,113.223,113.229
quote,01:01:46.567,NZDUSD,AGG,0.73321,0.73333
quote,01:01:46.567,NZDUSD,CITI,0.73319,0.73336
quote,01:01:47.023,EURJPY,AGG,113.222,113.229
quote,01:01:47.105,AUDUSD,AGG,0.76256,0.76261
quote,01:01:47.107,NZDUSD,AGG,0.73321,0.73333
quote,01:01:47.107,NZDUSD,CITI,0.73318,0.73335
quote,01:01:48.665,AUDUSD,AGG,0.76253,0.76261
quote,01:01:48.818,NZDUSD,CITI,0.73319,0.73336
quote,01:01:48.909,AUDUSD,AGG,0.76255,0.7626
quote,01:01:48.914,AUDUSD,CITI,0.76249,0.76265
quote,01:01:49.062,USDJPY,AGG,100.431,100.438
quote,01:01:49.062,USDJPY,CITI,100.429,100.439
quote,01:01:49.067,NZDUSD,AGG,0.73321,0.73332
quote,01:01:49.068,NZDUSD,CITI,0.73318,0.73335
quote,01:01:49.158,EURJPY,AGG,113.221,113.229
quote,01:01:49.311,USDJPY,AGG,100.431,100.438
quote,01:01:49.316,USDJPY,CITI,100.429,100.438
quote,01:01:49.609,USDJPY,AGG,100.431,100.438
quote,01:01:49.611,USDJPY,CITI,100.429,100.439
quote,01:01:50.731,USDJPY,AGG,100.431,100.438
quote,01:01:50.731,USDJPY,CITI,100.43,100.439
quote,01:01:51.730,USDJPY,AGG,100.431,100.438
quote,01:01:51.731,NZDUSD,AGG,0.73321,0.73332
quote,01:01:51.731,EURJPY,AGG,113.222,113.229
quote,01:01:52.805,AUDUSD,AGG,0.76254,0.7626
quote,01:01:52.990,AUDUSD,RFX,0.7625,0.7627
quote,01:01:53.232,AUDUSD,RFX,0.7625,0.7627
quote,01:01:53.306,EURJPY,AGG,113.221,113.229
quote,01:01:53.308,USDJPY,AGG,100.431,100.437
quote,01:01:53.316,USDJPY,CITI,100.429,100.439
quote,01:01:54.180,USDJPY,AGG,100.431,100.437
quote,01:01:55.163,AUDUSD,RFX,0.7625,0.7626
quote,01:01:55.163,AUDUSD,AGG,0.76252,0.76256
quote,01:01:55.163,AUDUSD,CITI,0.76248,0.76264
quote,01:01:55.260,NZDUSD,AGG,0.7332,0.73332
quote,01:01:55.426,AUDUSD,AGG,0.76252,0.76257
quote,01:01:55.428,AUDUSD,CITI,0.76247,0.76263
quote,01:01:55.606,NZDUSD,AGG,0.7332,0.73332
quote,01:01:55.717,AUDUSD,RFX,0.7625,0.7626
quote,01:01:55.718,AUDUSD,AGG,0.76252,0.76257
quote,01:01:56.171,AUDUSD,CITI,0.76246,0.76262
quote,01:01:57.219,USDJPY,CITI,100.429,100.438
quote,01:01:57.827,NZDUSD,AGG,0.7332,0.73331
quote,01:01:58.515,USDJPY,AGG,100.431,100.437
quote,01:01:58.956,NZDUSD,RFX,0.7332,0.7334
quote,01:01:58.957,NZDUSD,AGG,0.7332,0.73333
quote,01:01:59.561,AUDUSD,AGG,0.76252,0.76257
quote,01:02:00.170,USDJPY,AGG,100.431,100.437
quote,01:02:00.427,EURJPY,AGG,113.222,113.23
quote,01:02:00.428,EURJPY,CITI,113.221,113.23
quote,01:02:00.451,USDJPY,AGG,100.431,100.437
quote,01:02:00.451,USDJPY,CITI,100.429,100.439
quote,01:02:00.527,AUDUSD,RFX,0.7625,0.7626
quote,01:02:00.660,USDJPY,AGG,100.431,100.437
quote,01:02:00.661,NZDUSD,AGG,0.7332,0.73333
quote,01:02:00.727,EURJPY,AGG,113.222,113.23
quote,01:02:01.749,EURJPY,AGG,113.223,113.229
quote,01:02:01.749,EURJPY,CITI,113.22,113.229
quote,01:02:01.922,USDJPY,AGG,100.433,100.438
quote,01:02:01.922,USDJPY,CITI,100.432,100.442
quote,01:02:01.960,EURJPY,AGG,113.224,113.23
quote,01:02:01.960,EURJPY,CITI,113.221,113.23
quote,01:02:02.161,USDJPY,AGG,100.433,100.438
quote,01:02:02.161,USDJPY,CITI,100.431,100.441
quote,01:02:02.219,EURJPY,AGG,113.224,113.23
quote,01:02:02.407,USDJPY,CITI,100.432,100.441
quote,01:02:02.423,AUDUSD,RFX,0.7625,0.7626
quote,01:02:02.423,AUDUSD,AGG,0.76251,0.76255
quote,01:02:02.423,AUDUSD,CITI,0.76244,0.7626
quote,01:02:02.507,NZDUSD,AGG,0.7332,0.73331
quote,01:02:02.660,AUDUSD,RFX,0.7625,0.7626
quote,01:02:02.661,AUDUSD,AGG,0.7625,0.76255
quote,01:02:03.244,AUDUSD,AGG,0.7625,0.76255
quote,01:02:03.931,EURJPY,AGG,113.224,113.231
quote,01:02:03.931,EURJPY,CITI,113.222,113.231
quote,01:02:03.973,AUDUSD,AGG,0.76251,0.76255
quote,01:02:06.515,AUDUSD,RFX,0.7625,0.7626
quote,01:02:07.005,USDJPY,CITI,100.431,100.441
quote,01:02:07.005,EURJPY,AGG,113.223,113.23
quote,01:02:07.006,EURJPY,CITI,113.221,113.23
quote,01:02:07.162,NZDUSD,AGG,0.7332,0.73331
quote,01:02:07.339,EURJPY,AGG,113.224,113.23
quote,01:02:07.374,AUDUSD,AGG,0.76251,0.76256
quote,01:02:07.554,EURJPY,AGG,113.225,113.231
quote,01:02:07.554,EURJPY,CITI,113.222,113.231
quote,01:02:07.555,USDJPY,CITI,100.432,100.441
quote,01:02:07.562,AUDUSD,RFX,0.7625,0.7626
quote,01:02:07.568,AUDUSD,AGG,0.76253,0.76258
quote,01:02:07.569,AUDUSD,CITI,0.76245,0.76261
quote,01:02:07.761,EURJPY,AGG,113.225,113.231
quote,01:02:07.762,EURJPY,CITI,113.222,113.232
quote,01:02:07.834,AUDUSD,CITI,0.76246,0.76262
quote,01:02:08.306,AUDUSD,RFX,0.7625,0.7626
quote,01:02:08.306,AUDUSD,AGG,0.76251,0.76257
quote,01:02:08.306,AUDUSD,CITI,0.76245,0.76261
quote,01:02:08.536,EURJPY,AGG,113.225,113.232
quote,01:02:08.562,USDJPY,CITI,100.431,100.441
quote,01:02:08.582,AUDUSD,RFX,0.7625,0.7626
quote,01:02:08.583,AUDUSD,AGG,0.76251,0.76257
quote,01:02:08.717,NZDUSD,AGG,0.7332,0.73331
quote,01:02:08.726,EURJPY,AGG,113.224,113.232
quote,01:02:08.826,AUDUSD,AGG,0.76251,0.76257
quote,01:02:09.779,AUDUSD,AGG,0.76252,0.76257
quote,01:02:10.008,AUDUSD,RFX,0.7625,0.7626
quote,01:02:10.008,AUDUSD,AGG,0.76253,0.76258
quote,01:02:10.019,AUDUSD,CITI,0.76246,0.76262
quote,01:02:10.261,NZDUSD,AGG,0.7332,0.73333
quote,01:02:10.564,NZDUSD,RFX,0.7332,0.7333
quote,01:02:10.564,NZDUSD,AGG,0.7332,0.7333
quote,01:02:10.792,NZDUSD,AGG,0.7332,0.73329
quote,01:02:10.792,NZDUSD,CITI,0.73317,0.73334
quote,01:02:11.035,NZDUSD,CITI,0.73316,0.73333
quote,01:02:11.961,EURJPY,AGG,113.224,113.232
quote,01:02:12.328,AUDUSD,AGG,0.76252,0.76258
quote,01:02:12.432,NZDUSD,RFX,0.7332,0.7333
quote,01:02:12.433,NZDUSD,AGG,0.7332,0.73329
quote,01:02:12.612,AUDUSD,RFX,0.7625,0.7626
quote,01:02:12.615,AUDUSD,AGG,0.76252,0.76258
quote,01:02:13.767,EURJPY,AGG,113.224,113.232
quote,01:02:13.862,USDJPY,AGG,100.435,100.44
quote,01:02:14.031,EURJPY,AGG,113.225,113.231
quote,01:02:14.032,EURJPY,CITI,113.222,113.231
quote,01:02:14.113,USDJPY,AGG,100.435,100.441
quote,01:02:14.113,USDJPY,CITI,100.432,100.442
quote,01:02:14.260,EURJPY,AGG,113.226,113.231
quote,01:02:14.520,AUDUSD,AGG,0.76252,0.76258
quote,01:02:14.615,USDJPY,CITI,100.433,100.443
quote,01:02:15.067,EURJPY,AGG,113.225,113.232
quote,01:02:15.067,EURJPY,CITI,113.223,113.232
quote,01:02:15.146,USDJPY,AGG,100.436,100.441
quote,01:02:15.146,USDJPY,CITI,100.432,100.442
quote,01:02:15.607,AUDUSD,RFX,0.7625,0.7626
quote,01:02:15.607,AUDUSD,AGG,0.76253,0.76258
quote,01:02:16.084,NZDUSD,AGG,0.7332,0.73327
quote,01:02:16.085,NZDUSD,CITI,0.73315,0.73332
quote,01:02:16.157,AUDUSD,AGG,0.76252,0.76258
quote,01:02:17.230,USDJPY,AGG,100.435,100.44
quote,01:02:17.259,EURJPY,AGG,113.226,113.233
quote,01:02:17.259,EURJPY,CITI,113.224,113.233
quote,01:02:17.461,USDJPY,AGG,100.435,100.441
quote,01:02:17.461,USDJPY,CITI,100.433,100.443
quote,01:02:17.717,USDJPY,AGG,100.436,100.441
quote,01:02:18.775,NZDUSD,RFX,0.7332,0.7334
quote,01:02:18.775,NZDUSD,AGG,0.7332,0.7333
quote,01:02:18.806,AUDUSD,AGG,0.76253,0.76258
quote,01:02:18.909,USDJPY,AGG,100.435,100.441
quote,01:02:18.910,USDJPY,CITI,100.432,100.442
quote,01:02:18.969,NZDUSD,AGG,0.7332,0.73333
quote,01:02:18.972,NZDUSD,CITI,0.73317,0.73334
quote,01:02:19.121,AUDUSD,RFX,0.7625,0.7626
quote,01:02:19.121,AUDUSD,AGG,0.76254,0.76258
quote,01:02:19.206,USDJPY,CITI,100.433,100.443
quote,01:02:19.224,NZDUSD,AGG,0.7332,0.73332
quote,01:02:19.705,NZDUSD,AGG,0.7332,0.73332
quote,01:02:19.705,NZDUSD,CITI,0.73318,0.73335
quote,01:02:19.968,NZDUSD,AGG,0.7332,0.73331
quote,01:02:19.969,NZDUSD,CITI,0.73317,0.73334
quote,01:02:20.525,AUDUSD,AGG,0.76253,0.76258
quote,01:02:21.521,AUDUSD,AGG,0.76254,0.76258
quote,01:02:21.561,USDJPY,AGG,100.435,100.441
quote,01:02:21.561,USDJPY,CITI,100.434,100.443
quote,01:02:21.726,EURJPY,AGG,113.233,113.237
quote,01:02:21.726,EURJPY,CITI,113.228,113.237
quote,01:02:21.827,USDJPY,AGG,100.438,100.445
quote,01:02:21.827,USDJPY,CITI,100.436,100.446
quote,01:02:21.962,EURJPY,AGG,113.232,113.24
quote,01:02:21.962,EURJPY,CITI,113.229,113.24
quote,01:02:22.061,USDJPY,AGG,100.438,100.445
quote,01:02:22.064,USDJPY,CITI,100.437,100.447
quote,01:02:22.220,EURJPY,AGG,113.232,113.24
quote,01:02:22.305,USDJPY,CITI,100.436,100.446
quote,01:02:22.490,NZDUSD,AGG,0.7332,0.73332
quote,01:02:22.510,EURJPY,AGG,113.231,113.24
quote,01:02:22.962,NZDUSD,AGG,0.7332,0.73332
quote,01:02:23.261,EURJPY,AGG,113.231,113.24
quote,01:02:23.813,EURJPY,AGG,113.231,113.24
quote,01:02:23.860,USDJPY,AGG,100.438,100.445
quote,01:02:24.106,EURJPY,AGG,113.231,113.239
quote,01:02:24.106,EURJPY,CITI,113.228,113.239
quote,01:02:24.323,EURJPY,AGG,113.232,113.238
quote,01:02:24.323,EURJPY,CITI,113.229,113.239
quote,01:02:24.574,USDJPY,AGG,100.438,100.442
quote,01:02:24.574,USDJPY,CITI,100.434,100.444
quote,01:02:24.575,EURJPY,AGG,113.23,113.238
quote,01:02:24.838,EURJPY,AGG,113.231,113.238
quote,01:02:24.838,EURJPY,CITI,113.228,113.239
quote,01:02:24.838,USDJPY,AGG,100.438,100.443
quote,01:02:24.839,USDJPY,CITI,100.435,100.444
quote,01:02:25.030,EURJPY,AGG,113.232,113.239
quote,01:02:25.057,USDJPY,AGG,100.438,100.443
quote,01:02:25.057,USDJPY,CITI,100.435,100.445
quote,01:02:25.337,USDJPY,AGG,100.437,100.443
quote,01:02:25.337,USDJPY,CITI,100.436,100.446
quote,01:02:25.547,EURJPY,AGG,113.233,113.239
quote,01:02:25.548,EURJPY,CITI,113.229,113.24
quote,01:02:25.783,EURJPY,AGG,113.233,113.24
quote,01:02:26.035,EURJPY,AGG,113.233,113.241
quote,01:02:26.035,EURJPY,CITI,113.23,113.241
quote,01:02:26.907,NZDUSD,AGG,0.7332,0.73332
quote,01:02:27.058,EURJPY,AGG,113.233,113.24
quote,01:02:27.318,EURJPY,AGG,113.234,113.24
quote,01:02:28.320,EURJPY,CITI,113.231,113.241
quote,01:02:28.959,AUDUSD,AGG,0.76253,0.76258
quote,01:02:29.237,AUDUSD,AGG,0.76254,0.76258
deal,01:02:29.313,EURCAD,20000,1.45786,S
quote,01:02:29.800,AUDUSD,AGG,0.76255,0.76258
quote,01:02:30.040,EURJPY,AGG,113.234,113.241
quote,01:02:30.040,EURJPY,CITI,113.231,113.242
quote,01:02:30.041,USDJPY,CITI,100.435,100.445
quote,01:02:30.041,AUDUSD,AGG,0.76254,0.76258
quote,01:02:30.110,NZDUSD,AGG,0.7332,0.73332
quote,01:02:30.110,NZDUSD,CITI,0.73318,0.73335
quote,01:02:30.286,AUDUSD,CITI,0.76247,0.76263
quote,01:02:30.312,EURJPY,AGG,113.234,113.241
quote,01:02:30.313,EURJPY,CITI,113.231,113.241
quote,01:02:30.511,AUDUSD,CITI,0.76246,0.76262
quote,01:02:30.660,EURJPY,AGG,113.233,113.241
quote,01:02:31.015,EURJPY,AGG,113.234,113.241
quote,01:02:31.034,AUDUSD,AGG,0.76253,0.76258
quote,01:02:31.035,AUDUSD,CITI,0.76247,0.76263
quote,01:02:31.110,USDJPY,CITI,100.436,100.446
quote,01:02:31.128,NZDUSD,AGG,0.7332,0.7333
quote,01:02:31.128,NZDUSD,CITI,0.73316,0.73333
quote,01:02:31.222,AUDUSD,RFX,0.7625,0.7626
quote,01:02:31.222,EURJPY,AGG,113.234,113.241
quote,01:02:31.415,NZDUSD,RFX,0.7332,0.7334
quote,01:02:31.459,EURJPY,AGG,113.235,113.241
quote,01:02:31.459,EURJPY,CITI,113.231,113.242
quote,01:02:31.705,EURJPY,AGG,113.234,113.241
quote,01:02:32.056,AUDUSD,RFX,0.7625,0.7626
quote,01:02:32.414,EURJPY,AGG,113.233,113.241
quote,01:02:32.416,EURJPY,CITI,113.231,113.241
quote,01:02:32.740,EURJPY,AGG,113.233,113.241
quote,01:02:32.740,EURJPY,CITI,113.23,113.241
quote,01:02:33.251,AUDUSD,AGG,0.76252,0.76258
quote,01:02:33.274,EURJPY,AGG,113.23,113.239
quote,01:02:33.274,EURJPY,CITI,113.23,113.242
quote,01:02:33.287,NZDUSD,RFX,0.7332,0.7333
quote,01:02:33.287,NZDUSD,AGG,0.7332,0.73329
quote,01:02:33.287,NZDUSD,CITI,0.73317,0.73334
quote,01:02:33.314,AUDUSD,AGG,0.76252,0.76257
quote,01:02:33.479,EURJPY,AGG,113.23,113.239
quote,01:02:33.479,EURJPY,CITI,113.229,113.24
quote,01:02:33.523,NZDUSD,CITI,0.73316,0.73333
quote,01:02:33.625,USDJPY,AGG,100.437,100.443
quote,01:02:33.711,EURJPY,AGG,113.23,113.239
quote,01:02:33.797,AUDUSD,RFX,0.7625,0.7626
quote,01:02:33.798,AUDUSD,AGG,0.76252,0.76258
quote,01:02:33.858,USDJPY,AGG,100.441,100.445
quote,01:02:33.858,USDJPY,CITI,100.438,100.447
quote,01:02:33.980,EURJPY,AGG,113.238,113.241
quote,01:02:33.984,EURJPY,CITI,113.232,113.243
quote,01:02:34.055,AUDUSD,RFX,0.7625,0.7626
quote,01:02:34.055,AUDUSD,AGG,0.76252,0.76257
quote,01:02:34.144,USDJPY,AGG,100.443,100.449
quote,01:02:34.146,USDJPY,CITI,100.442,100.452
quote,01:02:34.226,EURJPY,AGG,113.236,113.243
quote,01:02:34.227,EURJPY,CITI,113.232,113.245
quote,01:02:34.293,AUDUSD,RFX,0.7625,0.7626
quote,01:02:34.296,AUDUSD,CITI,0.76246,0.76262
quote,01:02:34.363,USDJPY,AGG,100.445,100.45
quote,01:02:34.363,USDJPY,CITI,100.443,100.453
quote,01:02:34.468,EURJPY,CITI,113.232,113.246
quote,01:02:34.687,USDJPY,AGG,100.445,100.45
quote,01:02:34.688,USDJPY,CITI,100.442,100.452
quote,01:02:35.205,USDJPY,AGG,100.445,100.448
quote,01:02:35.206,USDJPY,CITI,100.44,100.45
quote,01:02:35.221,AUDUSD,AGG,0.76252,0.76257
quote,01:02:35.222,AUDUSD,CITI,0.76247,0.76263
quote,01:02:35.263,EURJPY,AGG,113.233,113.241
quote,01:02:35.264,EURJPY,CITI,113.231,113.244
quote,01:02:35.506,EURJPY,CITI,113.23,113.243
quote,01:02:35.529,USDJPY,AGG,100.441,100.448
quote,01:02:35.530,USDJPY,CITI,100.439,100.449
quote,01:02:35.726,AUDUSD,RFX,0.7625,0.7626
quote,01:02:35.726,AUDUSD,AGG,0.76252,0.76258
quote,01:02:36.618,USDJPY,AGG,100.44,100.446
quote,01:02:36.619,USDJPY,CITI,100.438,100.447
quote,01:02:36.619,EURJPY,AGG,113.231,113.239
quote,01:02:36.619,EURJPY,CITI,113.229,113.243
quote,01:02:36.759,AUDUSD,AGG,0.76253,0.76258
quote,01:02:36.816,USDJPY,AGG,100.438,100.445
quote,01:02:36.823,USDJPY,CITI,100.436,100.446
quote,01:02:36.831,EURJPY,AGG,113.23,113.239
quote,01:02:36.831,EURJPY,CITI,113.228,113.241
quote,01:02:37.078,USDJPY,AGG,100.437,100.445
quote,01:02:37.086,USDJPY,CITI,100.435,100.446
quote,01:02:37.100,EURJPY,AGG,113.23,113.238
quote,01:02:37.100,EURJPY,CITI,113.228,113.239
quote,01:02:37.808,USDJPY,AGG,100.438,100.445
quote,01:02:37.819,EURJPY,AGG,113.229,113.238
quote,01:02:38.178,AUDUSD,AGG,0.76252,0.76258
deal,01:02:38.658,USDCAD,100000,1.291245,B
quote,01:02:38.977,USDJPY,AGG,100.438,100.444
quote,01:02:38.977,EURJPY,AGG,113.229,113.238
quote,01:02:39.205,EURJPY,AGG,113.229,113.236
quote,01:02:39.222,USDJPY,AGG,100.438,100.445
quote,01:02:39.224,AUDUSD,RFX,0.7625,0.7626
quote,01:02:39.722,USDJPY,CITI,100.436,100.446
quote,01:02:39.860,EURJPY,AGG,113.23,113.236
quote,01:02:40.085,AUDUSD,AGG,0.76252,0.76257
quote,01:02:40.086,USDJPY,AGG,100.438,100.445
quote,01:02:40.110,EURJPY,CITI,113.229,113.239
quote,01:02:40.232,AUDUSD,RFX,0.7625,0.7626
quote,01:02:40.233,AUDUSD,AGG,0.76251,0.76255
quote,01:02:40.233,AUDUSD,CITI,0.76245,0.76261
quote,01:02:40.234,USDJPY,AGG,100.438,100.445
quote,01:02:40.234,USDJPY,CITI,100.435,100.446
quote,01:02:40.315,EURJPY,AGG,113.229,113.236
quote,01:02:40.406,NZDUSD,CITI,0.73315,0.73332
quote,01:02:40.575,EURJPY,AGG,113.23,113.236
quote,01:02:40.662,NZDUSD,RFX,0.7331,0.7333
quote,01:02:40.662,NZDUSD,AGG,0.73314,0.73323
quote,01:02:40.662,NZDUSD,CITI,0.73312,0.73329
quote,01:02:40.746,AUDUSD,CITI,0.76244,0.7626
quote,01:02:40.806,EURJPY,AGG,113.23,113.238
quote,01:02:40.936,NZDUSD,RFX,0.7331,0.7333
quote,01:02:40.936,NZDUSD,AGG,0.73314,0.73324
quote,01:02:40.936,NZDUSD,CITI,0.7331,0.73327
quote,01:02:41.171,NZDUSD,AGG,0.73314,0.73325
quote,01:02:41.761,AUDUSD,RFX,0.7625,0.7626
quote,01:02:41.761,AUDUSD,AGG,0.76251,0.76255
quote,01:02:41.762,NZDUSD,AGG,0.73313,0.73324
quote,01:02:41.769,EURJPY,CITI,113.228,113.239
quote,01:02:41.981,USDJPY,AGG,100.438,100.445
quote,01:02:41.981,USDJPY,CITI,100.435,100.445
quote,01:02:42.030,NZDUSD,AGG,0.73313,0.73325
quote,01:02:42.030,NZDUSD,CITI,0.73311,0.73328
quote,01:02:42.030,AUDUSD,RFX,0.7625,0.7626
quote,01:02:42.031,AUDUSD,AGG,0.76252,0.76257
quote,01:02:42.031,AUDUSD,CITI,0.76245,0.76261
quote,01:02:42.231,EURJPY,AGG,113.231,113.238
quote,01:02:42.231,USDJPY,AGG,100.438,100.445
quote,01:02:42.231,USDJPY,CITI,100.436,100.446
quote,01:02:42.260,AUDUSD,RFX,0.7625,0.7626
quote,01:02:42.260,AUDUSD,AGG,0.76252,0.76257
quote,01:02:42.260,AUDUSD,CITI,0.76246,0.76262
quote,01:02:42.272,NZDUSD,RFX,0.7331,0.7333
quote,01:02:42.272,NZDUSD,AGG,0.73312,0.73324
quote,01:02:42.272,NZDUSD,CITI,0.7331,0.73327
quote,01:02:42.519,NZDUSD,RFX,0.7331,0.7333
quote,01:02:42.531,NZDUSD,AGG,0.73313,0.73323
quote,01:02:42.539,NZDUSD,CITI,0.73311,0.73328
quote,01:02:42.549,AUDUSD,RFX,0.7625,0.7626
quote,01:02:42.549,AUDUSD,AGG,0.76252,0.76256
quote,01:02:42.769,NZDUSD,RFX,0.7331,0.7333
quote,01:02:42.769,NZDUSD,AGG,0.73314,0.73324
quote,01:02:42.769,NZDUSD,CITI,0.7331,0.73327
quote,01:02:42.909,USDJPY,AGG,100.438,100.445
quote,01:02:42.909,USDJPY,CITI,100.435,100.445
quote,01:02:42.961,EURJPY,AGG,113.229,113.236
quote,01:02:43.172,USDJPY,AGG,100.438,100.444
quote,01:02:43.223,EURJPY,AGG,113.229,113.236
quote,01:02:43.286,NZDUSD,AGG,0.73314,0.73325
quote,01:02:43.288,NZDUSD,CITI,0.73311,0.73328
quote,01:02:43.469,EURJPY,CITI,113.227,113.238
quote,01:02:43.730,EURJPY,AGG,113.229,113.236
quote,01:02:43.904,NZDUSD,AGG,0.73314,0.73325
quote,01:02:44.182,EURJPY,AGG,113.229,113.236
quote,01:02:44.424,EURJPY,AGG,113.23,113.236
quote,01:02:44.426,EURJPY,CITI,113.228,113.238
quote,01:02:44.598,USDJPY,CITI,100.436,100.445
quote,01:02:44.659,EURJPY,AGG,113.229,113.236
quote,01:02:44.805,USDJPY,CITI,100.435,100.445
quote,01:02:45.162,AUDUSD,RFX,0.7625,0.7626
quote,01:02:45.162,AUDUSD,AGG,0.76251,0.76255
quote,01:02:45.162,AUDUSD,CITI,0.76245,0.76261
quote,01:02:45.218,NZDUSD,AGG,0.73313,0.73324
quote,01:02:45.218,NZDUSD,CITI,0.7331,0.73327
quote,01:02:45.434,AUDUSD,AGG,0.76251,0.76256
quote,01:02:45.434,AUDUSD,CITI,0.76244,0.7626
quote,01:02:45.498,NZDUSD,CITI,0.73309,0.73326
quote,01:02:45.705,AUDUSD,AGG,0.76251,0.76255
quote,01:02:45.956,EURJPY,AGG,113.23,113.236
quote,01:02:45.956,EURJPY,CITI,113.228,113.239
quote,01:02:46.025,NZDUSD,AGG,0.73313,0.73324
quote,01:02:46.026,USDJPY,AGG,100.439,100.445
quote,01:02:46.026,USDJPY,CITI,100.436,100.446
quote,01:02:46.222,AUDUSD,AGG,0.7625,0.76255
quote,01:02:46.438,EURJPY,AGG,113.231,113.236
quote,01:02:46.513,USDJPY,AGG,100.439,100.445
quote,01:02:46.515,AUDUSD,AGG,0.7625,0.76255
quote,01:02:46.842,EURJPY,AGG,113.231,113.238
quote,01:02:46.857,AUDUSD,AGG,0.7625,0.76252
quote,01:02:46.858,USDJPY,AGG,100.439,100.445
quote,01:02:46.858,USDJPY,CITI,100.437,100.448
quote,01:02:46.861,NZDUSD,RFX,0.7331,0.7333
quote,01:02:46.861,NZDUSD,AGG,0.73312,0.73323
quote,01:02:46.861,NZDUSD,CITI,0.73308,0.73325
quote,01:02:47.040,AUDUSD,CITI,0.76243,0.76259
quote,01:02:47.108,NZDUSD,AGG,0.73312,0.73324
quote,01:02:47.261,AUDUSD,AGG,0.7625,0.76255
quote,01:02:47.306,USDJPY,AGG,100.439,100.445
quote,01:02:47.372,NZDUSD,RFX,0.7331,0.7333
quote,01:02:47.373,NZDUSD,AGG,0.73313,0.73325
quote,01:02:47.373,NZDUSD,CITI,0.7331,0.73327
quote,01:02:47.522,AUDUSD,AGG,0.7625,0.76254
quote,01:02:47.604,NZDUSD,CITI,0.73309,0.73326
quote,01:02:47.809,EURJPY,AGG,113.23,113.238
quote,01:02:49.622,EURJPY,AGG,113.232,113.238
quote,01:02:49.632,USDJPY,AGG,100.439,100.445
quote,01:02:49.656,NZDUSD,AGG,0.73312,0.73324
quote,01:02:49.656,NZDUSD,CITI,0.7331,0.73327
quote,01:02:49.659,AUDUSD,AGG,0.7625,0.76255
quote,01:02:49.811,EURJPY,AGG,113.232,113.238
quote,01:02:49.946,NZDUSD,AGG,0.73312,0.73324
quote,01:02:49.946,NZDUSD,CITI,0.73309,0.73326
quote,01:02:49.947,AUDUSD,RFX,0.7625,0.7626
quote,01:02:49.947,AUDUSD,AGG,0.7625,0.76255
quote,01:02:50.112,EURJPY,AGG,113.231,113.238
quote,01:02:50.192,USDJPY,AGG,100.439,100.443
quote,01:02:50.192,USDJPY,CITI,100.437,100.447
quote,01:02:50.222,NZDUSD,AGG,0.73312,0.73324
quote,01:02:50.361,EURJPY,AGG,113.228,113.233
quote,01:02:50.363,EURJPY,CITI,113.225,113.236
quote,01:02:50.422,AUDUSD,AGG,0.7625,0.76255
quote,01:02:50.435,USDJPY,AGG,100.436,100.441
quote,01:02:50.435,USDJPY,CITI,100.434,100.444
quote,01:02:50.605,EURJPY,AGG,113.227,113.233
quote,01:02:50.605,EURJPY,CITI,113.225,113.235
quote,01:02:50.663,USDJPY,AGG,100.436,100.441
quote,01:02:50.663,USDJPY,CITI,100.435,100.444
quote,01:02:50.761,NZDUSD,AGG,0.73312,0.73324
quote,01:02:50.933,USDJPY,CITI,100.434,100.443
quote,01:02:50.933,EURJPY,CITI,113.224,113.235
quote,01:02:51.024,NZDUSD,AGG,0.73312,0.73323
quote,01:02:52.049,EURJPY,AGG,113.226,113.233
quote,01:02:52.206,USDJPY,CITI,100.433,100.442
quote,01:02:52.277,EURJPY,CITI,113.223,113.236
quote,01:02:52.465,USDJPY,AGG,100.435,100.441
quote,01:02:52.465,USDJPY,CITI,100.433,100.443
quote,01:02:52.505,EURJPY,AGG,113.227,113.233
quote,01:02:52.505,EURJPY,CITI,113.222,113.236
deal,01:02:52.933,AUDUSD,999,0.76254,S
quote,01:02:52.978,AUDUSD,AGG,0.7625,0.76255
quote,01:02:53.173,NZDUSD,AGG,0.73312,0.73323
quote,01:02:53.478,USDJPY,AGG,100.436,100.441
quote,01:02:53.479,NZDUSD,RFX,0.7332,0.7333
quote,01:02:53.479,NZDUSD,AGG,0.7332,0.73327
quote,01:02:53.479,NZDUSD,CITI,0.73314,0.73331
quote,01:02:53.680,NZDUSD,RFX,0.7332,0.7334
quote,01:02:53.680,NZDUSD,AGG,0.73321,0.7333
quote,01:02:53.681,NZDUSD,CITI,0.73315,0.73332
quote,01:02:53.707,AUDUSD,RFX,0.7625,0.7626
quote,01:02:53.707,AUDUSD,AGG,0.76253,0.76257
quote,01:02:53.707,AUDUSD,CITI,0.76246,0.76262
quote,01:02:53.927,NZDUSD,RFX,0.7332,0.7334
quote,01:02:53.927,NZDUSD,AGG,0.7332,0.73331
quote,01:02:53.928,NZDUSD,CITI,0.73317,0.73334
quote,01:02:53.959,AUDUSD,RFX,0.7625,0.7626
quote,01:02:53.959,AUDUSD,AGG,0.76252,0.76257
quote,01:02:54.062,EURJPY,AGG,113.228,113.233
quote,01:02:54.160,NZDUSD,AGG,0.7332,0.73333
quote,01:02:54.239,AUDUSD,RFX,0.7625,0.7626
quote,01:02:54.239,AUDUSD,AGG,0.76253,0.76257
quote,01:02:54.418,NZDUSD,AGG,0.7332,0.73333
quote,01:02:54.465,AUDUSD,RFX,0.7625,0.7626
quote,01:02:54.762,AUDUSD,RFX,0.7625,0.7626
quote,01:02:54.762,AUDUSD,AGG,0.76253,0.76258
quote,01:02:55.041,AUDUSD,CITI,0.76247,0.76263
quote,01:02:55.513,USDJPY,CITI,100.434,100.444
quote,01:02:56.005,EURJPY,AGG,113.229,113.234
quote,01:02:56.006,EURJPY,CITI,113.222,113.235
quote,01:02:56.071,USDJPY,AGG,100.437,100.441
quote,01:02:56.071,USDJPY,CITI,100.434,100.445
quote,01:02:56.259,EURJPY,AGG,113.23,113.235
quote,01:02:56.259,EURJPY,CITI,113.224,113.237
quote,01:02:56.317,USDJPY,AGG,100.438,100.442
quote,01:02:56.317,USDJPY,CITI,100.437,100.447
quote,01:02:56.509,EURJPY,AGG,113.23,113.238
quote,01:02:56.509,EURJPY,CITI,113.225,113.239
quote,01:02:56.562,USDJPY,AGG,100.439,100.444
quote,01:02:56.816,EURJPY,AGG,113.229,113.238
quote,01:02:56.816,EURJPY,CITI,113.226,113.239
quote,01:02:57.411,NZDUSD,RFX,0.7331,0.7334
quote,01:02:57.415,NZDUSD,AGG,0.7332,0.73332
quote,01:02:57.559,AUDUSD,RFX,0.7625,0.7626
quote,01:02:57.560,AUDUSD,AGG,0.76252,0.76257
quote,01:02:57.560,AUDUSD,CITI,0.76246,0.76262
quote,01:02:57.674,NZDUSD,RFX,0.7331,0.7334
quote,01:02:57.675,NZDUSD,AGG,0.7332,0.73331
quote,01:02:57.780,EURJPY,AGG,113.23,113.238
quote,01:02:57.825,AUDUSD,RFX,0.7625,0.7626
quote,01:02:57.826,AUDUSD,AGG,0.76252,0.76257
quote,01:02:57.929,NZDUSD,RFX,0.7331,0.7334
quote,01:02:58.115,AUDUSD,RFX,0.7625,0.7626
quote,01:02:58.120,AUDUSD,AGG,0.76252,0.76257
quote,01:02:58.920,AUDUSD,RFX,0.7625,0.7626
quote,01:02:58.920,AUDUSD,AGG,0.76252,0.76258
quote,01:02:58.923,EURJPY,AGG,113.229,113.238
quote,01:02:59.185,AUDUSD,RFX,0.7625,0.7626
quote,01:02:59.185,AUDUSD,AGG,0.76253,0.76259
quote,01:02:59.185,AUDUSD,CITI,0.76247,0.76263
quote,01:02:59.185,USDJPY,CITI,100.436,100.447
quote,01:02:59.697,AUDUSD,AGG,0.76253,0.76259
quote,01:03:00.692,AUDUSD,AGG,0.76252,0.76258
quote,01:03:00.695,USDJPY,CITI,100.437,100.447
quote,01:03:00.717,EURJPY,AGG,113.229,113.238
quote,01:03:00.959,NZDUSD,AGG,0.7332,0.73331
quote,01:03:00.999,EURJPY,AGG,113.229,113.237
quote,01:03:04.205,EURJPY,AGG,113.229,113.238
quote,01:03:04.420,EURJPY,AGG,113.228,113.237
quote,01:03:04.818,USDJPY,CITI,100.436,100.447
quote,01:03:05.893,EURJPY,AGG,113.232,113.239
quote,01:03:05.893,EURJPY,CITI,113.226,113.24
quote,01:03:05.895,USDJPY,CITI,100.437,100.447
quote,01:03:05.907,NZDUSD,AGG,0.7332,0.73333
quote,01:03:06.013,EURJPY,AGG,113.232,113.238
quote,01:03:06.013,EURJPY,CITI,113.229,113.238
quote,01:03:06.263,EURJPY,AGG,113.231,113.239
quote,01:03:06.264,EURJPY,CITI,113.23,113.239
quote,01:03:06.523,EURJPY,AGG,113.231,113.239
quote,01:03:07.961,EURJPY,AGG,113.231,113.239
quote,01:03:07.966,AUDUSD,AGG,0.76253,0.76259
quote,01:03:08.123,USDJPY,AGG,100.439,100.445
quote,01:03:08.619,USDJPY,CITI,100.436,100.447
quote,01:03:08.792,EURJPY,AGG,113.231,113.238
quote,01:03:08.817,AUDUSD,AGG,0.76252,0.76258
quote,01:03:08.861,USDJPY,CITI,100.437,100.447
quote,01:03:09.039,EURJPY,AGG,113.231,113.238
quote,01:03:09.039,EURJPY,CITI,113.229,113.238
quote,01:03:09.277,NZDUSD,AGG,0.73321,0.73333
quote,01:03:09.306,AUDUSD,AGG,0.76253,0.76259
quote,01:03:09.412,USDJPY,AGG,100.439,100.445
quote,01:03:09.508,EURJPY,AGG,113.231,113.238
quote,01:03:11.771,AUDUSD,AGG,0.76252,0.76258
quote,01:03:11.805,EURJPY,AGG,113.231,113.238
quote,01:03:14.204,NZDUSD,RFX,0.7331,0.7334
quote,01:03:14.204,NZDUSD,AGG,0.7332,0.73333
deal,01:03:14.519,USDCAD,50000,1.29224,S
quote,01:03:14.705,EURJPY,AGG,113.231,113.237
quote,01:03:14.705,EURJPY,CITI,113.23,113.239
quote,01:03:14.806,USDJPY,AGG,100.438,100.446
quote,01:03:14.808,USDJPY,CITI,100.436,100.446
quote,01:03:15.226,EURJPY,AGG,113.231,113.236
quote,01:03:15.306,NZDUSD,AGG,0.7332,0.73332
quote,01:03:15.513,EURJPY,AGG,113.231,113.237
quote,01:03:15.514,EURJPY,CITI,113.229,113.238
quote,01:03:15.606,USDJPY,AGG,100.438,100.446
quote,01:03:15.761,EURJPY,AGG,113.231,113.238
quote,01:03:15.855,USDJPY,AGG,100.438,100.446
quote,01:03:15.855,USDJPY,CITI,100.436,100.447
quote,01:03:15.927,AUDUSD,AGG,0.76252,0.76257
quote,01:03:15.928,NZDUSD,RFX,0.7331,0.7333
quote,01:03:15.929,NZDUSD,AGG,0.7332,0.7333
quote,01:03:15.929,NZDUSD,CITI,0.73316,0.73333
quote,01:03:16.078,USDJPY,AGG,100.439,100.444
quote,01:03:16.078,USDJPY,CITI,100.437,100.447
quote,01:03:16.161,NZDUSD,RFX,0.7331,0.7333
quote,01:03:16.161,NZDUSD,AGG,0.73319,0.73328
quote,01:03:16.161,NZDUSD,CITI,0.73314,0.73331
quote,01:03:16.308,USDJPY,AGG,100.439,100.444
quote,01:03:16.406,NZDUSD,RFX,0.7331,0.7333
quote,01:03:16.561,USDJPY,AGG,100.438,100.442
quote,01:03:16.562,EURJPY,AGG,113.231,113.237
quote,01:03:17.411,USDJPY,CITI,100.436,100.446
quote,01:03:17.825,AUDUSD,AGG,0.76252,0.76257
quote,01:03:17.915,USDJPY,AGG,100.438,100.443
quote,01:03:17.915,USDJPY,CITI,100.437,100.447
quote,01:03:18.020,AUDUSD,RFX,0.7625,0.7626
quote,01:03:18.024,AUDUSD,AGG,0.76252,0.76256
quote,01:03:18.028,AUDUSD,CITI,0.76246,0.76262
quote,01:03:18.779,USDJPY,CITI,100.436,100.446
quote,01:03:19.468,NZDUSD,RFX,0.7331,0.7334
quote,01:03:19.468,NZDUSD,AGG,0.73319,0.73329
quote,01:03:19.468,NZDUSD,CITI,0.73315,0.73332
quote,01:03:20.031,NZDUSD,AGG,0.73319,0.73329
quote,01:03:20.260,USDJPY,AGG,100.438,100.444
quote,01:03:20.260,USDJPY,CITI,100.437,100.447
quote,01:03:20.816,EURJPY,AGG,113.231,113.238
quote,01:03:21.613,EURJPY,AGG,113.231,113.237
quote,01:03:21.662,USDJPY,AGG,100.438,100.444
quote,01:03:21.667,USDJPY,CITI,100.436,100.447
quote,01:03:21.732,AUDUSD,AGG,0.76252,0.76257
quote,01:03:21.972,USDJPY,CITI,100.436,100.446
quote,01:03:22.029,AUDUSD,AGG,0.76252,0.76258
quote,01:03:22.122,EURJPY,AGG,113.232,113.238
quote,01:03:22.240,USDJPY,CITI,100.436,100.447
quote,01:03:22.361,EURJPY,AGG,113.232,113.239
quote,01:03:22.361,EURJPY,CITI,113.23,113.239
quote,01:03:22.606,EURJPY,AGG,113.232,113.239
quote,01:03:23.466,EURJPY,AGG,113.232,113.239
quote,01:03:23.721,EURJPY,AGG,113.232,113.239
quote,01:03:24.061,AUDUSD,RFX,0.7625,0.7626
quote,01:03:24.061,AUDUSD,AGG,0.76253,0.76259
quote,01:03:24.061,AUDUSD,CITI,0.76247,0.76263
quote,01:03:24.235,NZDUSD,AGG,0.73319,0.73329
quote,01:03:24.235,NZDUSD,CITI,0.73314,0.73331
quote,01:03:24.369,AUDUSD,RFX,0.7625,0.7626
quote,01:03:24.624,USDJPY,AGG,100.438,100.442
quote,01:03:24.759,EURJPY,AGG,113.231,113.238
quote,01:03:24.906,USDJPY,AGG,100.439,100.442
quote,01:03:24.906,USDJPY,CITI,100.437,100.448
quote,01:03:25.761,NZDUSD,CITI,0.73315,0.73332
quote,01:03:25.767,EURJPY,AGG,113.231,113.237
quote,01:03:25.768,EURJPY,CITI,113.229,113.238
quote,01:03:26.030,AUDUSD,AGG,0.76252,0.76258
quote,01:03:27.016,USDJPY,AGG,100.439,100.443
quote,01:03:27.511,NZDUSD,AGG,0.73319,0.7333
quote,01:03:28.005,NZDUSD,AGG,0.73318,0.7333
quote,01:03:29.044,EURJPY,AGG,113.231,113.236
quote,01:03:29.237,USDJPY,AGG,100.439,100.444
quote,01:03:29.245,EURJPY,AGG,113.231,113.237
quote,01:03:29.245,EURJPY,CITI,113.228,113.237
quote,01:03:29.257,AUDUSD,AGG,0.76254,0.76258
quote,01:03:29.318,USDJPY,CITI,100.438,100.448
quote,01:03:29.405,EURJPY,AGG,113.231,113.238
quote,01:03:29.406,EURJPY,CITI,113.229,113.238
quote,01:03:29.511,AUDUSD,AGG,0.76254,0.76259
quote,01:03:30.305,NZDUSD,RFX,0.7331,0.7334
quote,01:03:30.314,NZDUSD,AGG,0.73318,0.7333
quote,01:03:30.787,AUDUSD,RFX,0.7625,0.7626
quote,01:03:30.787,AUDUSD,AGG,0.76254,0.76258
quote,01:03:30.805,NZDUSD,CITI,0.73316,0.73333
quote,01:03:31.706,AUDUSD,AGG,0.76254,0.76259
quote,01:03:31.822,EURJPY,AGG,113.231,113.239
quote,01:03:31.824,EURJPY,CITI,113.23,113.239
quote,01:03:31.981,AUDUSD,AGG,0.76254,0.76258
quote,01:03:32.083,EURJPY,AGG,113.231,113.239
quote,01:03:32.334,EURJPY,AGG,113.231,113.237
quote,01:03:32.334,EURJPY,CITI,113.229,113.238
quote,01:03:33.044,NZDUSD,RFX,0.7331,0.7334
deal,01:03:36.434,AUDUSD,2000,0.76258,S
quote,01:03:37.597,AUDUSD,CITI,0.76248,0.76264
quote,01:03:38.605,USDJPY,AGG,100.439,100.444
quote,01:03:39.061,EURJPY,AGG,113.231,113.238
quote,01:03:39.108,USDJPY,AGG,100.44,100.444
quote,01:03:40.232,EURJPY,AGG,113.231,113.238
quote,01:03:40.319,AUDUSD,RFX,0.7625,0.7626
quote,01:03:40.319,AUDUSD,CITI,0.76247,0.76263
quote,01:03:41.166,EURJPY,AGG,113.231,113.238
quote,01:03:41.620,AUDUSD,AGG,0.76252,0.76258
quote,01:03:41.667,EURJPY,AGG,113.23,113.235
quote,01:03:41.667,EURJPY,CITI,113.23,113.239
quote,01:03:41.707,USDJPY,AGG,100.439,100.444
quote,01:03:41.911,EURJPY,AGG,113.229,113.23
quote,01:03:41.912,EURJPY,CITI,113.229,113.238
quote,01:03:41.961,USDJPY,CITI,100.437,100.447
quote,01:03:42.208,EURJPY,AGG,113.227,113.23
quote,01:03:42.212,EURJPY,CITI,113.224,113.233
quote,01:03:42.906,USDJPY,AGG,100.439,100.442
quote,01:03:42.906,USDJPY,CITI,100.437,100.448
quote,01:03:43.213,USDJPY,AGG,100.438,100.442
quote,01:03:43.216,USDJPY,CITI,100.435,100.446
quote,01:03:43.731,EURJPY,CITI,113.225,113.234
quote,01:03:43.989,EURJPY,AGG,113.228,113.235
quote,01:03:43.989,EURJPY,CITI,113.227,113.236
quote,01:03:44.005,USDJPY,AGG,100.438,100.443
quote,01:03:44.005,USDJPY,CITI,100.436,100.446
quote,01:03:44.275,USDJPY,AGG,100.438,100.443
quote,01:03:45.023,EURJPY,AGG,113.228,113.236
quote,01:03:45.964,AUDUSD,RFX,0.7625,0.7626
quote,01:03:45.965,AUDUSD,AGG,0.76252,0.76258
quote,01:03:45.965,AUDUSD,CITI,0.76248,0.76264
quote,01:03:46.705,USDJPY,AGG,100.438,100.444
quote,01:03:46.713,EURJPY,AGG,113.229,113.236
quote,01:03:46.804,AUDUSD,AGG,0.76253,0.76259
quote,01:03:49.417,EURJPY,AGG,113.229,113.236
quote,01:03:49.475,AUDUSD,RFX,0.7625,0.7626
deal,01:03:49.492,AUDUSD,50000,0.76254,B
quote,01:03:49.849,USDJPY,AGG,100.438,100.444
quote,01:03:49.993,NZDUSD,RFX,0.7331,0.7333
quote,01:03:49.993,NZDUSD,AGG,0.73319,0.7333
quote,01:03:49.993,NZDUSD,CITI,0.73315,0.73332
quote,01:03:50.381,EURJPY,AGG,113.231,113.238
quote,01:03:50.381,EURJPY,CITI,113.229,113.238
quote,01:03:50.403,USDJPY,AGG,100.439,100.444
quote,01:03:50.465,NZDUSD,CITI,0.73314,0.73331
quote,01:03:50.521,EURJPY,AGG,113.234,113.24
quote,01:03:50.521,EURJPY,CITI,113.231,113.24
quote,01:03:50.606,USDJPY,AGG,100.439,100.444
quote,01:03:50.606,USDJPY,CITI,100.436,100.447
quote,01:03:50.813,USDJPY,CITI,100.436,100.446
quote,01:03:51.060,USDJPY,CITI,100.436,100.447
quote,01:03:51.259,EURJPY,AGG,113.234,113.24
quote,01:03:51.261,NZDUSD,AGG,0.73319,0.7333
quote,01:03:51.661,USDJPY,AGG,100.439,100.444
quote,01:03:52.020,USDJPY,AGG,100.438,100.444
quote,01:03:53.743,AUDUSD,AGG,0.76253,0.76259
quote,01:03:53.982,AUDUSD,RFX,0.7625,0.7626
quote,01:03:53.982,AUDUSD,AGG,0.76253,0.76255
quote,01:03:53.982,AUDUSD,CITI,0.76247,0.76263
quote,01:03:53.986,NZDUSD,RFX,0.7331,0.7333
quote,01:03:54.231,AUDUSD,RFX,0.7625,0.7626
quote,01:03:54.231,AUDUSD,AGG,0.76252,0.76255
quote,01:03:55.115,EURJPY,AGG,113.232,113.24
quote,01:03:55.517,NZDUSD,AGG,0.73319,0.7333
quote,01:03:55.517,NZDUSD,CITI,0.73315,0.73332
quote,01:03:55.813,NZDUSD,AGG,0.73319,0.7333
quote,01:03:56.463,USDJPY,AGG,100.438,100.442
quote,01:03:56.463,USDJPY,CITI,100.436,100.446
quote,01:03:56.533,EURJPY,AGG,113.232,113.239
quote,01:03:56.670,USDJPY,AGG,100.436,100.439
quote,01:03:56.670,USDJPY,CITI,100.433,100.443
quote,01:03:56.758,EURJPY,AGG,113.229,113.236
quote,01:03:56.758,EURJPY,CITI,113.229,113.238
quote,01:03:56.928,USDJPY,AGG,100.434,100.439
quote,01:03:56.928,USDJPY,CITI,100.432,100.442
quote,01:03:56.956,EURJPY,AGG,113.23,113.236
quote,01:03:56.956,EURJPY,CITI,113.228,113.237
quote,01:03:57.224,EURJPY,AGG,113.229,113.236
quote,01:03:57.906,USDJPY,AGG,100.433,100.438
quote,01:03:57.906,USDJPY,CITI,100.428,100.438
quote,01:03:57.962,EURJPY,AGG,113.23,113.234
quote,01:03:57.962,EURJPY,CITI,113.225,113.234
quote,01:03:58.155,USDJPY,AGG,100.431,100.436
quote,01:03:58.223,EURJPY,AGG,113.224,113.233
quote,01:03:58.223,EURJPY,CITI,113.224,113.233
quote,01:03:58.410,USDJPY,CITI,100.429,100.438
quote,01:03:58.477,EURJPY,AGG,113.225,113.233
deal,01:03:58.666,AUDUSD,20000,0.762509,B
deal,01:03:58.696,NZDUSD,1000000,0.733244,S
quote,01:03:58.740,NZDUSD,AGG,0.73319,0.73328
quote,01:03:58.741,USDJPY,AGG,100.431,100.437
deal,01:03:58.741,AUDUSD,200000,0.7625,S
deal,01:03:58.764,AUDUSD,1000000,0.76252,S
quote,01:03:58.776,AUDUSD,AGG,0.76252,0.76254
deal,01:03:58.797,AUDUSD,78649,0.76248,S
quote,01:03:58.822,NZDUSD,AGG,0.73319,0.7333
deal,01:03:58.970,AUDUSD,1000000,0.7625,S
deal,01:03:59.051,AUDUSD,1000000,0.76247,S
quote,01:03:59.055,AUDUSD,RFX,0.7625,0.7626
quote,01:03:59.055,AUDUSD,AGG,0.7625,0.76253
quote,01:03:59.055,AUDUSD,CITI,0.76242,0.76258
quote,01:03:59.072,NZDUSD,RFX,0.7331,0.7333
quote,01:03:59.072,NZDUSD,AGG,0.73317,0.73328
quote,01:03:59.072,NZDUSD,CITI,0.73314,0.73331
quote,01:03:59.262,AUDUSD,RFX,0.7625,0.7626
quote,01:03:59.262,AUDUSD,AGG,0.7625,0.76253
quote,01:03:59.263,AUDUSD,CITI,0.76243,0.76259
quote,01:03:59.307,NZDUSD,AGG,0.73317,0.7333
quote,01:03:59.521,AUDUSD,RFX,0.7625,0.7626
quote,01:03:59.521,AUDUSD,AGG,0.7625,0.76253
quote,01:03:59.663,EURJPY,AGG,113.225,113.232
quote,01:03:59.720,USDJPY,AGG,100.431,100.437
quote,01:03:59.721,USDJPY,CITI,100.428,100.438
quote,01:03:59.920,EURJPY,AGG,113.224,113.232
